INSERT INTO performance_admin(id, code, type, value, status, sequence) VALUES (1, 'Resp_001', 'Support_Response', 'Yes', 1, 1);
INSERT INTO performance_admin(id, code, type, value, status, sequence) VALUES (2, 'Resp_002', 'Support_Response', 'No', 1, 2);
INSERT INTO performance_admin(id, code, type, value, status, sequence) VALUES (3, 'Resp_003', 'Support_Response', 'Declined', 1, 3);
INSERT INTO performance_admin(id, code, type, value, status, sequence) VALUES (4, 'Interpreter_001', 'Interpreter', 'Yes', 1, 1);
INSERT INTO performance_admin(id, code, type, value, status, sequence) VALUES (5, 'Interpreter_002', 'Interpreter', 'No', 1, 2);

INSERT INTO performance_category(id, code, name, status, sequence, parent_category_id) VALUES (1, 'OAD', 'Alcohol and other drugs policy', 1, 1, null);
INSERT INTO performance_category(id, code, name, status, sequence, parent_category_id) VALUES (2, 'SC_046', 'General breach of Alcohol and other Drugs policy', 1, 2, 1);
INSERT INTO performance_category(id, code, name, status, sequence, parent_category_id) VALUES (3, 'SC_047', 'Refusal to participate in Alcohol and/or drug test', 1, 3, 1);
INSERT INTO performance_category(id, code, name, status, sequence, parent_category_id) VALUES (4, 'OAW', 'Animal welfare Policy', 1, 4, null);
INSERT INTO performance_category(id, code, name, status, sequence, parent_category_id) VALUES (5, 'SC_052', 'Animal welfare Policy', 1, 5, 4);
INSERT INTO performance_category(id, code, name, status, sequence, parent_category_id) VALUES (6, 'OCC', 'Code of conduct', 1, 6, null);
INSERT INTO performance_category(id, code, name, status, sequence, parent_category_id) VALUES (7, 'SC_044', 'Code of conduct', 1, 7, 6);
INSERT INTO performance_category(id, code, name, status, sequence, parent_category_id) VALUES (8, 'OCP', 'Communication Policy', 1, 8, null);
INSERT INTO performance_category(id, code, name, status, sequence, parent_category_id) VALUES (9, 'SC_001', 'General breach of Communication Policy', 1, 9, 8);
INSERT INTO performance_category(id, code, name, status, sequence, parent_category_id) VALUES (10, 'SC_002', 'Downloading and/or distributing inappropriate material', 1, 10, 8);
INSERT INTO performance_category(id, code, name, status, sequence, parent_category_id) VALUES (11, 'SC_003', 'Inappropriate use of Company IT equipment', 1, 11, 8);
INSERT INTO performance_category(id, code, name, status, sequence, parent_category_id) VALUES (12, 'CP', 'Complaints Policy', 1, 12, null);
INSERT INTO performance_category(id, code, name, status, sequence, parent_category_id) VALUES (13, 'SC_055', 'General breach of complaints policy', 1, 13, 12);
INSERT INTO performance_category(id, code, name, status, sequence, parent_category_id) VALUES (14, 'SC_056', 'Making false, frivolous or vexatious complaints', 1, 14, 12);
INSERT INTO performance_category(id, code, name, status, sequence, parent_category_id) VALUES (15, 'SC_057', 'Breach of confidentiality', 1, 15, 12);
INSERT INTO performance_category(id, code, name, status, sequence, parent_category_id) VALUES (16, 'OCI', 'Contact of interest', 1, 16, null);
INSERT INTO performance_category(id, code, name, status, sequence, parent_category_id) VALUES (17, 'SC_045', 'Conflict of interest', 1, 17, 16);
INSERT INTO performance_category(id, code, name, status, sequence, parent_category_id) VALUES (18, 'OHP', 'Discrimination, Harassment, Bullying and Victimisation Policy', 1, 18, null);
INSERT INTO performance_category(id, code, name, status, sequence, parent_category_id) VALUES (19, 'SC_037', 'General breach of Discrimination, Harassment, Bullying and Victimisation Policy', 1, 19, 18);
INSERT INTO performance_category(id, code, name, status, sequence, parent_category_id) VALUES (20, 'SC_038', 'Physical Violence', 1, 20, 18);
INSERT INTO performance_category(id, code, name, status, sequence, parent_category_id) VALUES (21, 'SC_039', 'Sexual harassment', 1, 21, 18);
INSERT INTO performance_category(id, code, name, status, sequence, parent_category_id) VALUES (22, 'SC_040', 'Bullying', 1, 22, 18);
INSERT INTO performance_category(id, code, name, status, sequence, parent_category_id) VALUES (23, 'SC_041', 'Harassment', 1, 23, 18);
INSERT INTO performance_category(id, code, name, status, sequence, parent_category_id) VALUES (24, 'SC_042', 'Victimisation', 1, 24, 18);
INSERT INTO performance_category(id, code, name, status, sequence, parent_category_id) VALUES (25, 'OEC', 'Employment Contract', 1, 25, null);
INSERT INTO performance_category(id, code, name, status, sequence, parent_category_id) VALUES (26, 'SC_028', 'Confidential information', 1, 26, 25);
INSERT INTO performance_category(id, code, name, status, sequence, parent_category_id) VALUES (27, 'OEP', 'Environmental Policy', 1, 27, null);
INSERT INTO performance_category(id, code, name, status, sequence, parent_category_id) VALUES (28, 'SC_027', 'Environmental Policy', 1, 28, 27);
INSERT INTO performance_category(id, code, name, status, sequence, parent_category_id) VALUES (29, 'OFS', 'Food Safety & Quality Assurance Policy', 1, 29, null);
INSERT INTO performance_category(id, code, name, status, sequence, parent_category_id) VALUES (30, 'SC_004', 'General breach of Food Safety Policy', 1, 30, 29);
INSERT INTO performance_category(id, code, name, status, sequence, parent_category_id) VALUES (31, 'SC_005', 'Allergens in processing area', 1, 31, 29);
INSERT INTO performance_category(id, code, name, status, sequence, parent_category_id) VALUES (32, 'SC_006', 'Throwing Product', 1, 32, 29);
INSERT INTO performance_category(id, code, name, status, sequence, parent_category_id) VALUES (33, 'SC_007', 'Breach of Dropped Meat Procedure', 1, 33, 29);
INSERT INTO performance_category(id, code, name, status, sequence, parent_category_id) VALUES (34, 'SC_008', 'Loose items in production area', 1, 34, 29);
INSERT INTO performance_category(id, code, name, status, sequence, parent_category_id) VALUES (35, 'SC_009', 'Smoking where not permitted', 1, 35, 29);
INSERT INTO performance_category(id, code, name, status, sequence, parent_category_id) VALUES (36, 'SC_010', 'Food and Drink where not permitted', 1, 36, 29);
INSERT INTO performance_category(id, code, name, status, sequence, parent_category_id) VALUES (37, 'SC_011', 'Failure to follow reasonable work instructions', 1, 37, 29);
INSERT INTO performance_category(id, code, name, status, sequence, parent_category_id) VALUES (38, 'SC_012', 'Failure to put soiled clothing in allocated bins', 1, 38, 29);
INSERT INTO performance_category(id, code, name, status, sequence, parent_category_id) VALUES (39, 'SC_013', 'Breach of site based jewellery or cosmetics policy', 1, 39, 29);
INSERT INTO performance_category(id, code, name, status, sequence, parent_category_id) VALUES (40, 'SC_014', 'Failure to keep lockers in hygienic state', 1, 40, 29);
INSERT INTO performance_category(id, code, name, status, sequence, parent_category_id) VALUES (41, 'OID', 'ID card policy', 1, 41, null);
INSERT INTO performance_category(id, code, name, status, sequence, parent_category_id) VALUES (42, 'SC_048', 'General breach of ID card Policy', 1, 42, 41);
INSERT INTO performance_category(id, code, name, status, sequence, parent_category_id) VALUES (43, 'SC_049', 'Failure to use kronos clocks', 1, 43, 41);
INSERT INTO performance_category(id, code, name, status, sequence, parent_category_id) VALUES (44, 'SC_050', 'Lose of kronos card – ongoing', 1, 44, 41);
INSERT INTO performance_category(id, code, name, status, sequence, parent_category_id) VALUES (45, 'SC_051', 'Misuse of kronos cardn', 1, 45, 41);
INSERT INTO performance_category(id, code, name, status, sequence, parent_category_id) VALUES (46, 'LDP', 'Learning & Development Policy', 1, 46, null);
INSERT INTO performance_category(id, code, name, status, sequence, parent_category_id) VALUES (47, 'SC_017', 'General breach of Learning & Development Policy', 1, 47, 46);
INSERT INTO performance_category(id, code, name, status, sequence, parent_category_id) VALUES (48, 'SC_018', 'Performing Task without Task Description', 1, 48, 46);
INSERT INTO performance_category(id, code, name, status, sequence, parent_category_id) VALUES (49, 'SC_019', 'Failure to follow reasonable instructions', 1, 49, 46);
INSERT INTO performance_category(id, code, name, status, sequence, parent_category_id) VALUES (50, 'OTH', 'Other', 1, 50, null);
INSERT INTO performance_category(id, code, name, status, sequence, parent_category_id) VALUES (51, 'SC_058', 'Other', 1, 51, 50);
INSERT INTO performance_category(id, code, name, status, sequence, parent_category_id) VALUES (52, 'OPP', 'Privacy Policy', 1, 52, null);
INSERT INTO performance_category(id, code, name, status, sequence, parent_category_id) VALUES (53, 'SC_015', 'General breach of the privacy policy', 1, 53, 52);
INSERT INTO performance_category(id, code, name, status, sequence, parent_category_id) VALUES (54, 'SC_016', 'Breach of confidentiality', 1, 54, 52);
INSERT INTO performance_category(id, code, name, status, sequence, parent_category_id) VALUES (55, 'OST', 'Standard Terms and Conditions of Employment', 1, 55, null);
INSERT INTO performance_category(id, code, name, status, sequence, parent_category_id) VALUES (56, 'SC_029', 'General breach of ST&C', 1, 56, 55);
INSERT INTO performance_category(id, code, name, status, sequence, parent_category_id) VALUES (57, 'SC_030', 'Unauthorised Absence', 1, 57, 55);
INSERT INTO performance_category(id, code, name, status, sequence, parent_category_id) VALUES (58, 'SC_031', 'Damage to company property', 1, 58, 55);
INSERT INTO performance_category(id, code, name, status, sequence, parent_category_id) VALUES (59, 'SC_032', 'Damage to Company reputation', 1, 59, 55);
INSERT INTO performance_category(id, code, name, status, sequence, parent_category_id) VALUES (60, 'SC_033', 'Theft from Company or other employee', 1, 60, 55);
INSERT INTO performance_category(id, code, name, status, sequence, parent_category_id) VALUES (61, 'SC_034', 'Failure to permit bag/locker search to be conducted', 1, 61, 55);
INSERT INTO performance_category(id, code, name, status, sequence, parent_category_id) VALUES (62, 'SC_035', 'Deliberate insubordination', 1, 62, 55);
INSERT INTO performance_category(id, code, name, status, sequence, parent_category_id) VALUES (63, 'SC_036', 'Breach of cardinal rule', 1, 63, 55);
INSERT INTO performance_category(id, code, name, status, sequence, parent_category_id) VALUES (64, 'OTP', 'Trade practices', 1, 64, null);
INSERT INTO performance_category(id, code, name, status, sequence, parent_category_id) VALUES (65, 'SC_043', 'Trade practices Policy', 1, 65, 64);
INSERT INTO performance_category(id, code, name, status, sequence, parent_category_id) VALUES (66, 'OWS', 'Workplace Health and Safety Policy', 1, 66, null);
INSERT INTO performance_category(id, code, name, status, sequence, parent_category_id) VALUES (67, 'SC_020', 'General breach of WH&S Policy ', 1, 67, 66);
INSERT INTO performance_category(id, code, name, status, sequence, parent_category_id) VALUES (68, 'SC_021', 'Breach involving PPE', 1, 68, 66);
INSERT INTO performance_category(id, code, name, status, sequence, parent_category_id) VALUES (69, 'SC_022', 'Breach of policy involving knives ', 1, 69, 66);
INSERT INTO performance_category(id, code, name, status, sequence, parent_category_id) VALUES (70, 'SC_023', 'Vehicle operation – including without licence/authorisation/recklessly', 1, 70, 66);
INSERT INTO performance_category(id, code, name, status, sequence, parent_category_id) VALUES (71, 'SC_024', 'Failure to wear hearing PPE or wearing radio headsets', 1, 71, 66);
INSERT INTO performance_category(id, code, name, status, sequence, parent_category_id) VALUES (72, 'SC_025', 'Failure to follow protocols when working around livestock', 1, 72, 66);
INSERT INTO performance_category(id, code, name, status, sequence, parent_category_id) VALUES (73, 'SC_026', 'Failure to report injuries/incidents', 1, 73, 66);
INSERT INTO performance_category(id, code, name, status, sequence, parent_category_id) VALUES (74, 'OWR', 'Workplace Rehabilitation Policy', 1, 74, null);
INSERT INTO performance_category(id, code, name, status, sequence, parent_category_id) VALUES (75, 'SC_053', 'General breach of Workplace Rehab Policy', 1, 75, 74);
INSERT INTO performance_category(id, code, name, status, sequence, parent_category_id) VALUES (76, 'SC_054', 'Failure to comply with RTW plan', 1, 76, 74);

INSERT INTO performance_action(id, code, name, status, category_id) VALUES (1, 'WW', '1st warning', 1, 12);
INSERT INTO performance_action(id, code, name, status, category_id) VALUES (2, 'WS', '2nd warning', 1, 12);
INSERT INTO performance_action(id, code, name, status, category_id) VALUES (3, 'CS', 'Counselling session', 1, 12);
INSERT INTO performance_action(id, code, name, status, category_id) VALUES (4, 'FW', 'Final warning', 1, 12);
INSERT INTO performance_action(id, code, name, status, category_id) VALUES (5, 'NS', 'Notice of suspension', 1, 12);
INSERT INTO performance_action(id, code, name, status, category_id) VALUES (6, 'OT', 'Other', 1, 12);
INSERT INTO performance_action(id, code, name, status, category_id) VALUES (7, 'RW', 'Re-confirmation of final', 1, 12);
INSERT INTO performance_action(id, code, name, status, category_id) VALUES (8, 'SA', 'Stood Aside', 1, 12);
INSERT INTO performance_action(id, code, name, status, category_id) VALUES (9, 'FR', 'Supervisor’s report', 1, 12);
INSERT INTO performance_action(id, code, name, status, category_id) VALUES (10, 'SU', 'Suspension', 1, 12);
INSERT INTO performance_action(id, code, name, status, category_id) VALUES (11, 'WC', 'Written counselling', 1, 12);
INSERT INTO performance_action(id, code, name, status, category_id) VALUES (12, 'WR', 'Written response', 1, 12);
INSERT INTO performance_action(id, code, name, status, category_id) VALUES (13, 'WW', '1st warning', 1, 46);
INSERT INTO performance_action(id, code, name, status, category_id) VALUES (14, 'WS', '2nd warning', 1, 46);
INSERT INTO performance_action(id, code, name, status, category_id) VALUES (15, 'CS', 'Counselling session', 1, 46);
INSERT INTO performance_action(id, code, name, status, category_id) VALUES (16, 'FW', 'Final warning', 1, 46);
INSERT INTO performance_action(id, code, name, status, category_id) VALUES (17, 'NS', 'Notice of suspension', 1, 46);
INSERT INTO performance_action(id, code, name, status, category_id) VALUES (18, 'OT', 'Other', 1, 46);
INSERT INTO performance_action(id, code, name, status, category_id) VALUES (19, 'RW', 'Re-confirmation of final', 1, 46);
INSERT INTO performance_action(id, code, name, status, category_id) VALUES (20, 'SA', 'Stood Aside', 1, 46);
INSERT INTO performance_action(id, code, name, status, category_id) VALUES (21, 'FR', 'Supervisor’s report', 1, 46);
INSERT INTO performance_action(id, code, name, status, category_id) VALUES (22, 'SU', 'Suspension', 1, 46);
INSERT INTO performance_action(id, code, name, status, category_id) VALUES (23, 'WC', 'Written counselling', 1, 46);
INSERT INTO performance_action(id, code, name, status, category_id) VALUES (24, 'WR', 'Written response', 1, 46);
INSERT INTO performance_action(id, code, name, status, category_id) VALUES (25, 'WW', '1st warning', 1, 1);
INSERT INTO performance_action(id, code, name, status, category_id) VALUES (26, 'WS', '2nd warning', 1, 1);
INSERT INTO performance_action(id, code, name, status, category_id) VALUES (27, 'CS', 'Counselling session', 1, 1);
INSERT INTO performance_action(id, code, name, status, category_id) VALUES (28, 'FW', 'Final warning', 1, 1);
INSERT INTO performance_action(id, code, name, status, category_id) VALUES (29, 'NS', 'Notice of suspension', 1, 1);
INSERT INTO performance_action(id, code, name, status, category_id) VALUES (30, 'OT', 'Other', 1, 1);
INSERT INTO performance_action(id, code, name, status, category_id) VALUES (31, 'RW', 'Re-confirmation of final', 1, 1);
INSERT INTO performance_action(id, code, name, status, category_id) VALUES (32, 'SA', 'Stood Aside', 1, 1);
INSERT INTO performance_action(id, code, name, status, category_id) VALUES (33, 'FR', 'Supervisor’s report', 1, 1);
INSERT INTO performance_action(id, code, name, status, category_id) VALUES (34, 'SU', 'Suspension', 1, 1);
INSERT INTO performance_action(id, code, name, status, category_id) VALUES (35, 'WC', 'Written counselling', 1, 1);
INSERT INTO performance_action(id, code, name, status, category_id) VALUES (36, 'WR', 'Written response', 1, 1);
INSERT INTO performance_action(id, code, name, status, category_id) VALUES (37, 'WW', '1st warning', 1, 4);
INSERT INTO performance_action(id, code, name, status, category_id) VALUES (38, 'WS', '2nd warning', 1, 4);
INSERT INTO performance_action(id, code, name, status, category_id) VALUES (39, 'CS', 'Counselling session', 1, 4);
INSERT INTO performance_action(id, code, name, status, category_id) VALUES (40, 'FW', 'Final warning', 1, 4);
INSERT INTO performance_action(id, code, name, status, category_id) VALUES (41, 'NS', 'Notice of suspension', 1, 4);
INSERT INTO performance_action(id, code, name, status, category_id) VALUES (42, 'OT', 'Other', 1, 4);
INSERT INTO performance_action(id, code, name, status, category_id) VALUES (43, 'RW', 'Re-confirmation of final', 1, 4);
INSERT INTO performance_action(id, code, name, status, category_id) VALUES (44, 'SA', 'Stood Aside', 1, 4);
INSERT INTO performance_action(id, code, name, status, category_id) VALUES (45, 'FR', 'Supervisor’s report', 1, 4);
INSERT INTO performance_action(id, code, name, status, category_id) VALUES (46, 'SU', 'Suspension', 1, 4);
INSERT INTO performance_action(id, code, name, status, category_id) VALUES (47, 'WC', 'Written counselling', 1, 4);
INSERT INTO performance_action(id, code, name, status, category_id) VALUES (48, 'WR', 'Written response', 1, 4);
INSERT INTO performance_action(id, code, name, status, category_id) VALUES (49, 'WW', '1st warning', 1, 6);
INSERT INTO performance_action(id, code, name, status, category_id) VALUES (50, 'WS', '2nd warning', 1, 6);
INSERT INTO performance_action(id, code, name, status, category_id) VALUES (51, 'CS', 'Counselling session', 1, 6);
INSERT INTO performance_action(id, code, name, status, category_id) VALUES (52, 'FW', 'Final warning', 1, 6);
INSERT INTO performance_action(id, code, name, status, category_id) VALUES (53, 'NS', 'Notice of suspension', 1, 6);
INSERT INTO performance_action(id, code, name, status, category_id) VALUES (54, 'OT', 'Other', 1, 6);
INSERT INTO performance_action(id, code, name, status, category_id) VALUES (55, 'RW', 'Re-confirmation of final', 1, 6);
INSERT INTO performance_action(id, code, name, status, category_id) VALUES (56, 'SA', 'Stood Aside', 1, 6);
INSERT INTO performance_action(id, code, name, status, category_id) VALUES (57, 'FR', 'Supervisor’s report', 1, 6);
INSERT INTO performance_action(id, code, name, status, category_id) VALUES (58, 'SU', 'Suspension', 1, 6);
INSERT INTO performance_action(id, code, name, status, category_id) VALUES (59, 'WC', 'Written counselling', 1, 6);
INSERT INTO performance_action(id, code, name, status, category_id) VALUES (60, 'WR', 'Written response', 1, 6);
INSERT INTO performance_action(id, code, name, status, category_id) VALUES (61, 'WW', '1st warning', 1, 16);
INSERT INTO performance_action(id, code, name, status, category_id) VALUES (62, 'WS', '2nd warning', 1, 16);
INSERT INTO performance_action(id, code, name, status, category_id) VALUES (63, 'CS', 'Counselling session', 1, 16);
INSERT INTO performance_action(id, code, name, status, category_id) VALUES (64, 'FW', 'Final warning', 1, 16);
INSERT INTO performance_action(id, code, name, status, category_id) VALUES (65, 'NS', 'Notice of suspension', 1, 16);
INSERT INTO performance_action(id, code, name, status, category_id) VALUES (66, 'OT', 'Other', 1, 16);
INSERT INTO performance_action(id, code, name, status, category_id) VALUES (67, 'RW', 'Re-confirmation of final', 1, 16);
INSERT INTO performance_action(id, code, name, status, category_id) VALUES (68, 'SA', 'Stood Aside', 1, 16);
INSERT INTO performance_action(id, code, name, status, category_id) VALUES (69, 'FR', 'Supervisor’s report', 1, 16);
INSERT INTO performance_action(id, code, name, status, category_id) VALUES (70, 'SU', 'Suspension', 1, 16);
INSERT INTO performance_action(id, code, name, status, category_id) VALUES (71, 'WC', 'Written counselling', 1, 16);
INSERT INTO performance_action(id, code, name, status, category_id) VALUES (72, 'WR', 'Written response', 1, 16);
INSERT INTO performance_action(id, code, name, status, category_id) VALUES (73, 'WW', '1st warning', 1, 8);
INSERT INTO performance_action(id, code, name, status, category_id) VALUES (74, 'WS', '2nd warning', 1, 8);
INSERT INTO performance_action(id, code, name, status, category_id) VALUES (75, 'CS', 'Counselling session', 1, 8);
INSERT INTO performance_action(id, code, name, status, category_id) VALUES (76, 'FW', 'Final warning', 1, 8);
INSERT INTO performance_action(id, code, name, status, category_id) VALUES (77, 'NS', 'Notice of suspension', 1, 8);
INSERT INTO performance_action(id, code, name, status, category_id) VALUES (78, 'OT', 'Other', 1, 8);
INSERT INTO performance_action(id, code, name, status, category_id) VALUES (79, 'RW', 'Re-confirmation of final', 1, 8);
INSERT INTO performance_action(id, code, name, status, category_id) VALUES (80, 'SA', 'Stood Aside', 1, 8);
INSERT INTO performance_action(id, code, name, status, category_id) VALUES (81, 'FR', 'Supervisor’s report', 1, 8);
INSERT INTO performance_action(id, code, name, status, category_id) VALUES (82, 'SU', 'Suspension', 1, 8);
INSERT INTO performance_action(id, code, name, status, category_id) VALUES (83, 'WC', 'Written counselling', 1, 8);
INSERT INTO performance_action(id, code, name, status, category_id) VALUES (84, 'WR', 'Written response', 1, 8);
INSERT INTO performance_action(id, code, name, status, category_id) VALUES (85, 'WW', '1st warning', 1, 25);
INSERT INTO performance_action(id, code, name, status, category_id) VALUES (86, 'WS', '2nd warning', 1, 25);
INSERT INTO performance_action(id, code, name, status, category_id) VALUES (87, 'CS', 'Counselling session', 1, 25);
INSERT INTO performance_action(id, code, name, status, category_id) VALUES (88, 'FW', 'Final warning', 1, 25);
INSERT INTO performance_action(id, code, name, status, category_id) VALUES (89, 'NS', 'Notice of suspension', 1, 25);
INSERT INTO performance_action(id, code, name, status, category_id) VALUES (90, 'OT', 'Other', 1, 25);
INSERT INTO performance_action(id, code, name, status, category_id) VALUES (91, 'RW', 'Re-confirmation of final', 1, 25);
INSERT INTO performance_action(id, code, name, status, category_id) VALUES (92, 'SA', 'Stood Aside', 1, 25);
INSERT INTO performance_action(id, code, name, status, category_id) VALUES (93, 'FR', 'Supervisor’s report', 1, 25);
INSERT INTO performance_action(id, code, name, status, category_id) VALUES (94, 'SU', 'Suspension', 1, 25);
INSERT INTO performance_action(id, code, name, status, category_id) VALUES (95, 'WC', 'Written counselling', 1, 25);
INSERT INTO performance_action(id, code, name, status, category_id) VALUES (96, 'WR', 'Written response', 1, 25);
INSERT INTO performance_action(id, code, name, status, category_id) VALUES (97, 'WW', '1st warning', 1, 27);
INSERT INTO performance_action(id, code, name, status, category_id) VALUES (98, 'WS', '2nd warning', 1, 27);
INSERT INTO performance_action(id, code, name, status, category_id) VALUES (99, 'CS', 'Counselling session', 1, 27);
INSERT INTO performance_action(id, code, name, status, category_id) VALUES (100, 'FW', 'Final warning', 1, 27);
INSERT INTO performance_action(id, code, name, status, category_id) VALUES (101, 'NS', 'Notice of suspension', 1, 27);
INSERT INTO performance_action(id, code, name, status, category_id) VALUES (102, 'OT', 'Other', 1, 27);
INSERT INTO performance_action(id, code, name, status, category_id) VALUES (103, 'RW', 'Re-confirmation of final', 1, 27);
INSERT INTO performance_action(id, code, name, status, category_id) VALUES (104, 'SA', 'Stood Aside', 1, 27);
INSERT INTO performance_action(id, code, name, status, category_id) VALUES (105, 'FR', 'Supervisor’s report', 1, 27);
INSERT INTO performance_action(id, code, name, status, category_id) VALUES (106, 'SU', 'Suspension', 1, 27);
INSERT INTO performance_action(id, code, name, status, category_id) VALUES (107, 'WC', 'Written counselling', 1, 27);
INSERT INTO performance_action(id, code, name, status, category_id) VALUES (108, 'WR', 'Written response', 1, 27);
INSERT INTO performance_action(id, code, name, status, category_id) VALUES (109, 'WW', '1st warning', 1, 29);
INSERT INTO performance_action(id, code, name, status, category_id) VALUES (110, 'WS', '2nd warning', 1, 29);
INSERT INTO performance_action(id, code, name, status, category_id) VALUES (111, 'CS', 'Counselling session', 1, 29);
INSERT INTO performance_action(id, code, name, status, category_id) VALUES (112, 'FW', 'Final warning', 1, 29);
INSERT INTO performance_action(id, code, name, status, category_id) VALUES (113, 'NS', 'Notice of suspension', 1, 29);
INSERT INTO performance_action(id, code, name, status, category_id) VALUES (114, 'OT', 'Other', 1, 29);
INSERT INTO performance_action(id, code, name, status, category_id) VALUES (115, 'RW', 'Re-confirmation of final', 1, 29);
INSERT INTO performance_action(id, code, name, status, category_id) VALUES (116, 'SA', 'Stood Aside', 1, 29);
INSERT INTO performance_action(id, code, name, status, category_id) VALUES (117, 'FR', 'Supervisor’s report', 1, 29);
INSERT INTO performance_action(id, code, name, status, category_id) VALUES (118, 'SU', 'Suspension', 1, 29);
INSERT INTO performance_action(id, code, name, status, category_id) VALUES (119, 'WC', 'Written counselling', 1, 29);
INSERT INTO performance_action(id, code, name, status, category_id) VALUES (120, 'WR', 'Written response', 1, 29);
INSERT INTO performance_action(id, code, name, status, category_id) VALUES (121, 'WW', '1st warning', 1, 18);
INSERT INTO performance_action(id, code, name, status, category_id) VALUES (122, 'WS', '2nd warning', 1, 18);
INSERT INTO performance_action(id, code, name, status, category_id) VALUES (123, 'CS', 'Counselling session', 1, 18);
INSERT INTO performance_action(id, code, name, status, category_id) VALUES (124, 'FW', 'Final warning', 1, 18);
INSERT INTO performance_action(id, code, name, status, category_id) VALUES (125, 'NS', 'Notice of suspension', 1, 18);
INSERT INTO performance_action(id, code, name, status, category_id) VALUES (126, 'OT', 'Other', 1, 18);
INSERT INTO performance_action(id, code, name, status, category_id) VALUES (127, 'RW', 'Re-confirmation of final', 1, 18);
INSERT INTO performance_action(id, code, name, status, category_id) VALUES (128, 'SA', 'Stood Aside', 1, 18);
INSERT INTO performance_action(id, code, name, status, category_id) VALUES (129, 'FR', 'Supervisor’s report', 1, 18);
INSERT INTO performance_action(id, code, name, status, category_id) VALUES (130, 'SU', 'Suspension', 1, 18);
INSERT INTO performance_action(id, code, name, status, category_id) VALUES (131, 'WC', 'Written counselling', 1, 18);
INSERT INTO performance_action(id, code, name, status, category_id) VALUES (132, 'WR', 'Written response', 1, 18);
INSERT INTO performance_action(id, code, name, status, category_id) VALUES (133, 'WW', '1st warning', 1, 41);
INSERT INTO performance_action(id, code, name, status, category_id) VALUES (134, 'WS', '2nd warning', 1, 41);
INSERT INTO performance_action(id, code, name, status, category_id) VALUES (135, 'CS', 'Counselling session', 1, 41);
INSERT INTO performance_action(id, code, name, status, category_id) VALUES (136, 'FW', 'Final warning', 1, 41);
INSERT INTO performance_action(id, code, name, status, category_id) VALUES (137, 'NS', 'Notice of suspension', 1, 41);
INSERT INTO performance_action(id, code, name, status, category_id) VALUES (138, 'OT', 'Other', 1, 41);
INSERT INTO performance_action(id, code, name, status, category_id) VALUES (139, 'RW', 'Re-confirmation of final', 1, 41);
INSERT INTO performance_action(id, code, name, status, category_id) VALUES (140, 'SA', 'Stood Aside', 1, 41);
INSERT INTO performance_action(id, code, name, status, category_id) VALUES (141, 'FR', 'Supervisor’s report', 1, 41);
INSERT INTO performance_action(id, code, name, status, category_id) VALUES (142, 'SU', 'Suspension', 1, 41);
INSERT INTO performance_action(id, code, name, status, category_id) VALUES (143, 'WC', 'Written counselling', 1, 41);
INSERT INTO performance_action(id, code, name, status, category_id) VALUES (144, 'WR', 'Written response', 1, 41);
INSERT INTO performance_action(id, code, name, status, category_id) VALUES (145, 'WW', '1st warning', 1, 52);
INSERT INTO performance_action(id, code, name, status, category_id) VALUES (146, 'WS', '2nd warning', 1, 52);
INSERT INTO performance_action(id, code, name, status, category_id) VALUES (147, 'CS', 'Counselling session', 1, 52);
INSERT INTO performance_action(id, code, name, status, category_id) VALUES (148, 'FW', 'Final warning', 1, 52);
INSERT INTO performance_action(id, code, name, status, category_id) VALUES (149, 'NS', 'Notice of suspension', 1, 52);
INSERT INTO performance_action(id, code, name, status, category_id) VALUES (150, 'OT', 'Other', 1, 52);
INSERT INTO performance_action(id, code, name, status, category_id) VALUES (151, 'RW', 'Re-confirmation of final', 1, 52);
INSERT INTO performance_action(id, code, name, status, category_id) VALUES (152, 'SA', 'Stood Aside', 1, 52);
INSERT INTO performance_action(id, code, name, status, category_id) VALUES (153, 'FR', 'Supervisor’s report', 1, 52);
INSERT INTO performance_action(id, code, name, status, category_id) VALUES (154, 'SU', 'Suspension', 1, 52);
INSERT INTO performance_action(id, code, name, status, category_id) VALUES (155, 'WC', 'Written counselling', 1, 52);
INSERT INTO performance_action(id, code, name, status, category_id) VALUES (156, 'WR', 'Written response', 1, 52);
INSERT INTO performance_action(id, code, name, status, category_id) VALUES (157, 'WW', '1st warning', 1, 55);
INSERT INTO performance_action(id, code, name, status, category_id) VALUES (158, 'WS', '2nd warning', 1, 55);
INSERT INTO performance_action(id, code, name, status, category_id) VALUES (159, 'AB', 'Abandonment of employment', 1, 55);
INSERT INTO performance_action(id, code, name, status, category_id) VALUES (160, 'AM', 'Attendance monitoring', 1, 55);
INSERT INTO performance_action(id, code, name, status, category_id) VALUES (161, 'CS', 'Counselling session', 1, 55);
INSERT INTO performance_action(id, code, name, status, category_id) VALUES (162, 'FA', 'Failure to notify of Absence', 1, 55);
INSERT INTO performance_action(id, code, name, status, category_id) VALUES (163, 'FW', 'Final warning', 1, 55);
INSERT INTO performance_action(id, code, name, status, category_id) VALUES (164, 'NS', 'Notice of suspension', 1, 55);
INSERT INTO performance_action(id, code, name, status, category_id) VALUES (165, 'OT', 'Other', 1, 55);
INSERT INTO performance_action(id, code, name, status, category_id) VALUES (166, 'RW', 'Re-confirmation of final', 1, 55);
INSERT INTO performance_action(id, code, name, status, category_id) VALUES (167, 'SA', 'Stood Aside', 1, 55);
INSERT INTO performance_action(id, code, name, status, category_id) VALUES (168, 'FR', 'Supervisor’s report', 1, 55);
INSERT INTO performance_action(id, code, name, status, category_id) VALUES (169, 'SU', 'Suspension', 1, 55);
INSERT INTO performance_action(id, code, name, status, category_id) VALUES (170, 'WC', 'Written counselling', 1, 55);
INSERT INTO performance_action(id, code, name, status, category_id) VALUES (171, 'WR', 'Written response', 1, 55);
INSERT INTO performance_action(id, code, name, status, category_id) VALUES (172, 'DP', 'Demand for return of property', 1, 50);
INSERT INTO performance_action(id, code, name, status, category_id) VALUES (173, 'EEC', 'Employee Exit Checklist', 1, 50);
INSERT INTO performance_action(id, code, name, status, category_id) VALUES (174, 'NE', 'New Employee Assessment', 1, 50);
INSERT INTO performance_action(id, code, name, status, category_id) VALUES (175, 'SP', 'Support Person ', 1, 50);
INSERT INTO performance_action(id, code, name, status, category_id) VALUES (176, 'TE', 'Termination letter', 1, 50);
INSERT INTO performance_action(id, code, name, status, category_id) VALUES (177, 'UA', 'Unauthorised Absence', 1, 50);
INSERT INTO performance_action(id, code, name, status, category_id) VALUES (178, 'WW', '1st warning', 1, 64);
INSERT INTO performance_action(id, code, name, status, category_id) VALUES (179, 'WS', '2nd warning', 1, 64);
INSERT INTO performance_action(id, code, name, status, category_id) VALUES (180, 'CS', 'Counselling session', 1, 64);
INSERT INTO performance_action(id, code, name, status, category_id) VALUES (181, 'FW', 'Final warning', 1, 64);
INSERT INTO performance_action(id, code, name, status, category_id) VALUES (182, 'NS', 'Notice of suspension', 1, 64);
INSERT INTO performance_action(id, code, name, status, category_id) VALUES (183, 'OT', 'Other', 1, 64);
INSERT INTO performance_action(id, code, name, status, category_id) VALUES (184, 'RW', 'Re-confirmation of final', 1, 64);
INSERT INTO performance_action(id, code, name, status, category_id) VALUES (185, 'SA', 'Stood Aside', 1, 64);
INSERT INTO performance_action(id, code, name, status, category_id) VALUES (186, 'FR', 'Supervisor’s report', 1, 64);
INSERT INTO performance_action(id, code, name, status, category_id) VALUES (187, 'SU', 'Suspension', 1, 64);
INSERT INTO performance_action(id, code, name, status, category_id) VALUES (188, 'WC', 'Written counselling', 1, 64);
INSERT INTO performance_action(id, code, name, status, category_id) VALUES (189, 'WR', 'Written response', 1, 64);
INSERT INTO performance_action(id, code, name, status, category_id) VALUES (190, 'WW', '1st warning', 1, 74);
INSERT INTO performance_action(id, code, name, status, category_id) VALUES (191, 'WS', '2nd warning', 1, 74);
INSERT INTO performance_action(id, code, name, status, category_id) VALUES (192, 'CS', 'Counselling session', 1, 74);
INSERT INTO performance_action(id, code, name, status, category_id) VALUES (193, 'FW', 'Final warning', 1, 74);
INSERT INTO performance_action(id, code, name, status, category_id) VALUES (194, 'NS', 'Notice of suspension', 1, 74);
INSERT INTO performance_action(id, code, name, status, category_id) VALUES (195, 'OT', 'Other', 1, 74);
INSERT INTO performance_action(id, code, name, status, category_id) VALUES (196, 'RW', 'Re-confirmation of final', 1, 74);
INSERT INTO performance_action(id, code, name, status, category_id) VALUES (197, 'SA', 'Stood Aside', 1, 74);
INSERT INTO performance_action(id, code, name, status, category_id) VALUES (198, 'FR', 'Supervisor’s report', 1, 74);
INSERT INTO performance_action(id, code, name, status, category_id) VALUES (199, 'SU', 'Suspension', 1, 74);
INSERT INTO performance_action(id, code, name, status, category_id) VALUES (200, 'WC', 'Written counselling', 1, 74);
INSERT INTO performance_action(id, code, name, status, category_id) VALUES (201, 'WR', 'Written response', 1, 74);
INSERT INTO performance_action(id, code, name, status, category_id) VALUES (202, 'WW', '1st warning', 1, 66);
INSERT INTO performance_action(id, code, name, status, category_id) VALUES (203, 'WS', '2nd warning', 1, 66);
INSERT INTO performance_action(id, code, name, status, category_id) VALUES (204, 'CS', 'Counselling session', 1, 66);
INSERT INTO performance_action(id, code, name, status, category_id) VALUES (205, 'FW', 'Final warning', 1, 66);
INSERT INTO performance_action(id, code, name, status, category_id) VALUES (206, 'NS', 'Notice of suspension', 1, 66);
INSERT INTO performance_action(id, code, name, status, category_id) VALUES (207, 'OT', 'Other', 1, 66);
INSERT INTO performance_action(id, code, name, status, category_id) VALUES (208, 'RW', 'Re-confirmation of final', 1, 66);
INSERT INTO performance_action(id, code, name, status, category_id) VALUES (209, 'SA', 'Stood Aside', 1, 66);
INSERT INTO performance_action(id, code, name, status, category_id) VALUES (210, 'FR', 'Supervisor’s report', 1, 66);
INSERT INTO performance_action(id, code, name, status, category_id) VALUES (211, 'SU', 'Suspension', 1, 66);
INSERT INTO performance_action(id, code, name, status, category_id) VALUES (212, 'WC', 'Written counselling', 1, 66);
INSERT INTO performance_action(id, code, name, status, category_id) VALUES (213, 'WR', 'Written response', 1, 66);

INSERT INTO letter_template(id, code, name, template_file, action_id, status) VALUES (1, '001', 'Abandonment of employement letter 1', 'letter.docx', 1, 1);
INSERT INTO letter_template(id, code, name, template_file, action_id, status) VALUES (2, '002', 'Abandonment of employement letter 2', 'letter.docx', 1, 1);
INSERT INTO letter_template(id, code, name, template_file, action_id, status) VALUES (3, '003', 'Abandonment of employement letter 3', 'letter.docx', 1, 1);
INSERT INTO letter_template(id, code, name, template_file, action_id, status) VALUES (4, '004', 'Failure to notify of Absence (1)', 'letter.docx', 2, 1);
INSERT INTO letter_template(id, code, name, template_file, action_id, status) VALUES (5, '005', 'Failure to notify of Absence (2)', 'letter.docx', 2, 1);
INSERT INTO letter_template(id, code, name, template_file, action_id, status) VALUES (6, '006', 'Failure to notify of Absence (3)', 'letter.docx', 2, 1);

INSERT INTO department(id, code, name) VALUES (1,'department_1', 'ADELAIDE');
INSERT INTO department(id, code, name) VALUES (2,'department_2', 'BEEF BUYERS');
INSERT INTO department(id, code, name) VALUES (3,'department_3', 'BEEF CITY');
INSERT INTO department(id, code, name) VALUES (4,'department_4', 'BORDERTOWN');
INSERT INTO department(id, code, name) VALUES (5,'department_5', 'BRISBANE');
INSERT INTO department(id, code, name) VALUES (6,'department_6', 'BROOKLYN');
INSERT INTO department(id, code, name) VALUES (7,'department_7', 'CHULORA');
INSERT INTO department(id, code, name) VALUES (8,'department_8', 'COBRAM');
INSERT INTO department(id, code, name) VALUES (9,'department_9', 'DEVELOPMENT');
INSERT INTO department(id, code, name) VALUES (10,'department_10', 'DEVONPORT');
INSERT INTO department(id, code, name) VALUES (11,'department_11', 'DINMORE');
INSERT INTO department(id, code, name) VALUES (12,'department_12', 'FOODPARTNERS');
INSERT INTO department(id, code, name) VALUES (13,'department_13', 'HELP DESK');
INSERT INTO department(id, code, name) VALUES (14,'department_14', 'HR SYSTEMS');
INSERT INTO department(id, code, name) VALUES (15,'department_15', 'INFRASTRUCTURE');
INSERT INTO department(id, code, name) VALUES (16,'department_16', 'INTERNAL AUDIT');
INSERT INTO department(id, code, name) VALUES (17,'department_17', 'JOES SITES');
INSERT INTO department(id, code, name) VALUES (18,'department_18', 'LEGAL');
INSERT INTO department(id, code, name) VALUES (19,'department_19', 'LONGFORD');
INSERT INTO department(id, code, name) VALUES (20,'department_20', 'MAN ACCOUNTING');
INSERT INTO department(id, code, name) VALUES (21,'department_21', 'MELBOURNE');
INSERT INTO department(id, code, name) VALUES (22,'department_22', 'MUGINDI');
INSERT INTO department(id, code, name) VALUES (23,'department_23', 'OHS');
INSERT INTO department(id, code, name) VALUES (24,'department_24', 'OPS AND PROCESSES');
INSERT INTO department(id, code, name) VALUES (25,'department_25', 'PAYROLL');
INSERT INTO department(id, code, name) VALUES (26,'department_26', 'PERTH');
INSERT INTO department(id, code, name) VALUES (27,'department_27', 'PORT WAKEFIELD');
INSERT INTO department(id, code, name) VALUES (28,'department_28', 'PRIME CITY');
INSERT INTO department(id, code, name) VALUES (29,'department_29', 'PRODUCTION STREET');
INSERT INTO department(id, code, name) VALUES (30,'department_30', 'REG AND PUBLIC AFFAIRS');
INSERT INTO department(id, code, name) VALUES (31,'department_31', 'RIVERINA');
INSERT INTO department(id, code, name) VALUES (32,'department_32', 'ROCKHAMPTON');
INSERT INTO department(id, code, name) VALUES (33,'department_33', 'SCONE');
INSERT INTO department(id, code, name) VALUES (34,'department_34', 'SHEEP BUYERS');
INSERT INTO department(id, code, name) VALUES (35,'department_35', 'SHIPPING');
INSERT INTO department(id, code, name) VALUES (36,'department_36', 'SYDNEY');
INSERT INTO department(id, code, name) VALUES (37,'department_37', 'TASMANIA');
INSERT INTO department(id, code, name) VALUES (38,'department_38', 'TOWNSVILLE');
INSERT INTO department(id, code, name) VALUES (39,'department_39', 'TRADING');
INSERT INTO department(id, code, name) VALUES (40,'department_40', 'TRAINING');
INSERT INTO department(id, code, name) VALUES (41,'department_41', 'TREASURY');
INSERT INTO department(id, code, name) VALUES (42,'department_42', 'WACOL');
INSERT INTO department(id, code, name) VALUES (43,'department_43', 'WORKERS COMP');

INSERT INTO section(id, code, name) VALUES (1,'section_1', 'BACON');
INSERT INTO section(id, code, name) VALUES (2,'section_2', 'BONING ROOM');
INSERT INTO section(id, code, name) VALUES (3,'section_3', 'BONING ROOM - BEEF');
INSERT INTO section(id, code, name) VALUES (4,'section_4', 'BONING ROOM - SHEEP');
INSERT INTO section(id, code, name) VALUES (5,'section_5', 'COLD STORES');
INSERT INTO section(id, code, name) VALUES (6,'section_6', 'ENGINEERING OPERATIONS');
INSERT INTO section(id, code, name) VALUES (7,'section_7', 'ENVIRONMENT');
INSERT INTO section(id, code, name) VALUES (8,'section_8', 'FINANCE & ADMINISTRATION');
INSERT INTO section(id, code, name) VALUES (9,'section_9', 'FSQA');
INSERT INTO section(id, code, name) VALUES (10,'section_10', 'HAM');
INSERT INTO section(id, code, name) VALUES (11,'section_11', 'HIDES');
INSERT INTO section(id, code, name) VALUES (12,'section_12', 'HR OPERATIONS');
INSERT INTO section(id, code, name) VALUES (13,'section_13', 'KILL FLOOR');
INSERT INTO section(id, code, name) VALUES (14,'section_14', 'KILL FLOOR - BEEF');
INSERT INTO section(id, code, name) VALUES (15,'section_15', 'KILL FLOOR - SHEEP');
INSERT INTO section(id, code, name) VALUES (16,'section_16', 'LOADOUT');
INSERT INTO section(id, code, name) VALUES (17,'section_17', 'OFFAL');
INSERT INTO section(id, code, name) VALUES (18,'section_18', 'PRODUCTION CONTROL');
INSERT INTO section(id, code, name) VALUES (19,'section_19', 'PURCHASING');
INSERT INTO section(id, code, name) VALUES (20,'section_20', 'RENDERING');
INSERT INTO section(id, code, name) VALUES (21,'section_21', 'SAFETY');
INSERT INTO section(id, code, name) VALUES (22,'section_22', 'SALAMI');
INSERT INTO section(id, code, name) VALUES (23,'section_23', 'SALES');
INSERT INTO section(id, code, name) VALUES (24,'section_24', 'TRANSPORT & LOGISTICS');
INSERT INTO section(id, code, name) VALUES (25,'section_25', 'VALUE ADDED');
INSERT INTO section(id, code, name) VALUES (26,'section_26', 'WAREHOUSE & DISTRIBUTION');

INSERT INTO shift(id, code, name) VALUES (1,'shift_1', 'Day Shift');
INSERT INTO shift(id, code, name) VALUES (2,'shift_2', 'Afternoon Shift');
INSERT INTO shift(id, code, name) VALUES (3,'shift_3', 'Night Shift');

INSERT INTO position(id, code, name) VALUES (1,'position_1', 'Packing Loin Lvl7');
INSERT INTO position(id, code, name) VALUES (2,'position_2', 'Analyst Programmer (Net)');
INSERT INTO position(id, code, name) VALUES (3,'position_3', 'Packing Legs Lvl7');
INSERT INTO position(id, code, name) VALUES (4,'position_4', 'Trades Assistant Maint');
INSERT INTO position(id, code, name) VALUES (5,'position_5', 'Training Officer HR');
INSERT INTO position(id, code, name) VALUES (6,'position_6', 'Training Lvl7');
INSERT INTO position(id, code, name) VALUES (7,'position_7', 'Cryoval Operator Lvl7');
INSERT INTO position(id, code, name) VALUES (8,'position_8', 'Engineering Supervisor Bacon Packaging');
INSERT INTO position(id, code, name) VALUES (9,'position_9', 'Rejects Lvl7');
INSERT INTO position(id, code, name) VALUES (10,'position_10', 'Engineering Supervisor Salami/Slice Pack');

/*INSERT INTO employee(id, employee_number, first_name, last_name, full_name, position_id, department_id, section_id, shift_id) VALUES (1,'230945','Derrick','Stewart','Derrick Stewart',1,1,1,1);
INSERT INTO employee(id, employee_number, first_name, last_name, full_name, position_id, department_id, section_id, shift_id) VALUES (2,'610700','Alison','Bennett','Alison Bennett',2,2,2,2);
INSERT INTO employee(id, employee_number, first_name, last_name, full_name, position_id, department_id, section_id, shift_id) VALUES (3,'61368','Janice','Ferguson','Janice Ferguson',3,3,3,3);
INSERT INTO employee(id, employee_number, first_name, last_name, full_name, position_id, department_id, section_id, shift_id) VALUES (4,'231605','Sammy','Day','Sammy Day',4,4,4,1);
INSERT INTO employee(id, employee_number, first_name, last_name, full_name, position_id, department_id, section_id, shift_id) VALUES (5,'300110','Clifton','Ball','Clifton Ball',5,5,5,2);
INSERT INTO employee(id, employee_number, first_name, last_name, full_name, position_id, department_id, section_id, shift_id) VALUES (6,'230687','Brian','Huff','Brian Huff',6,6,6,3);
INSERT INTO employee(id, employee_number, first_name, last_name, full_name, position_id, department_id, section_id, shift_id) VALUES (7,'1001575','Josh','Newman','Josh Newman',7,7,7,1);
INSERT INTO employee(id, employee_number, first_name, last_name, full_name, position_id, department_id, section_id, shift_id) VALUES (8,'212812','Bradford','Montgomery','Bradford Montgomery',8,8,8,2);
INSERT INTO employee(id, employee_number, first_name, last_name, full_name, position_id, department_id, section_id, shift_id) VALUES (9,'300444','Rosa','Baldwin','Rosa Baldwin',9,9,9,3);
INSERT INTO employee(id, employee_number, first_name, last_name, full_name, position_id, department_id, section_id, shift_id) VALUES (10,'230935','Kurt','Grave','Kurt Grave',10,10,10,1);

INSERT INTO employee_event(id, employee_id, event_name, event_type) VALUES (1,1,'FW',1);
INSERT INTO employee_event(id, employee_id, event_name, event_type) VALUES (2,2,'AM',1);
INSERT INTO employee_event(id, employee_id, event_name, event_type) VALUES (3,3,'WR',1);
INSERT INTO employee_event(id, employee_id, event_name, event_type) VALUES (4,4,'SA',1);
INSERT INTO employee_event(id, employee_id, event_name, event_type) VALUES (5,5,'AM',1);
INSERT INTO employee_event(id, employee_id, event_name, event_type) VALUES (6,6,'FW',1);
INSERT INTO employee_event(id, employee_id, event_name, event_type) VALUES (7,7,'SA',1);
INSERT INTO employee_event(id, employee_id, event_name, event_type) VALUES (8,8,'WR',1);
INSERT INTO employee_event(id, employee_id, event_name, event_type) VALUES (9,9,'SR',1);
INSERT INTO employee_event(id, employee_id, event_name, event_type) VALUES (10,10,'FW',1);

INSERT INTO employee_event(id, employee_id, event_name, event_type) VALUES (11,1,'AC',2);
INSERT INTO employee_event(id, employee_id, event_name, event_type) VALUES (12,2,'AB',2);
INSERT INTO employee_event(id, employee_id, event_name, event_type) VALUES (13,3,'AB',2);
INSERT INTO employee_event(id, employee_id, event_name, event_type) VALUES (14,4,'AA',2);
INSERT INTO employee_event(id, employee_id, event_name, event_type) VALUES (15,5,'UA',2);
INSERT INTO employee_event(id, employee_id, event_name, event_type) VALUES (16,6,'AC',2);
INSERT INTO employee_event(id, employee_id, event_name, event_type) VALUES (17,7,'AB',2);
INSERT INTO employee_event(id, employee_id, event_name, event_type) VALUES (18,8,'UA',2);
INSERT INTO employee_event(id, employee_id, event_name, event_type) VALUES (19,9,'AB',2);
INSERT INTO employee_event(id, employee_id, event_name, event_type) VALUES (20,10,'AA',2);*/
