INSERT INTO department(id, code, name) VALUES (1,'department_1', 'ADELAIDE');
INSERT INTO department(id, code, name) VALUES (2,'department_2', 'BEEF BUYERS');
INSERT INTO department(id, code, name) VALUES (3,'department_3', 'BEEF CITY');
INSERT INTO department(id, code, name) VALUES (4,'department_4', 'BORDERTOWN');
INSERT INTO department(id, code, name) VALUES (5,'department_5', 'BRISBANE');
INSERT INTO department(id, code, name) VALUES (6,'department_6', 'BROOKLYN');
INSERT INTO department(id, code, name) VALUES (7,'department_7', 'CHULORA');
INSERT INTO department(id, code, name) VALUES (8,'department_8', 'COBRAM');
INSERT INTO department(id, code, name) VALUES (9,'department_9', 'DEVELOPMENT');
INSERT INTO department(id, code, name) VALUES (10,'department_10', 'DEVONPORT');
INSERT INTO department(id, code, name) VALUES (11,'department_11', 'DINMORE');
INSERT INTO department(id, code, name) VALUES (12,'department_12', 'FOODPARTNERS');
INSERT INTO department(id, code, name) VALUES (13,'department_13', 'HELP DESK');
INSERT INTO department(id, code, name) VALUES (14,'department_14', 'HR SYSTEMS');
INSERT INTO department(id, code, name) VALUES (15,'department_15', 'INFRASTRUCTURE');
INSERT INTO department(id, code, name) VALUES (16,'department_16', 'INTERNAL AUDIT');
INSERT INTO department(id, code, name) VALUES (17,'department_17', 'JOES SITES');
INSERT INTO department(id, code, name) VALUES (18,'department_18', 'LEGAL');
INSERT INTO department(id, code, name) VALUES (19,'department_19', 'LONGFORD');
INSERT INTO department(id, code, name) VALUES (20,'department_20', 'MAN ACCOUNTING');
INSERT INTO department(id, code, name) VALUES (21,'department_21', 'MELBOURNE');
INSERT INTO department(id, code, name) VALUES (22,'department_22', 'MUGINDI');
INSERT INTO department(id, code, name) VALUES (23,'department_23', 'OHS');
INSERT INTO department(id, code, name) VALUES (24,'department_24', 'OPS AND PROCESSES');
INSERT INTO department(id, code, name) VALUES (25,'department_25', 'PAYROLL');
INSERT INTO department(id, code, name) VALUES (26,'department_26', 'PERTH');
INSERT INTO department(id, code, name) VALUES (27,'department_27', 'PORT WAKEFIELD');
INSERT INTO department(id, code, name) VALUES (28,'department_28', 'PRIME CITY');
INSERT INTO department(id, code, name) VALUES (29,'department_29', 'PRODUCTION STREET');
INSERT INTO department(id, code, name) VALUES (30,'department_30', 'REG AND PUBLIC AFFAIRS');
INSERT INTO department(id, code, name) VALUES (31,'department_31', 'RIVERINA');
INSERT INTO department(id, code, name) VALUES (32,'department_32', 'ROCKHAMPTON');
INSERT INTO department(id, code, name) VALUES (33,'department_33', 'SCONE');
INSERT INTO department(id, code, name) VALUES (34,'department_34', 'SHEEP BUYERS');
INSERT INTO department(id, code, name) VALUES (35,'department_35', 'SHIPPING');
INSERT INTO department(id, code, name) VALUES (36,'department_36', 'SYDNEY');
INSERT INTO department(id, code, name) VALUES (37,'department_37', 'TASMANIA');
INSERT INTO department(id, code, name) VALUES (38,'department_38', 'TOWNSVILLE');
INSERT INTO department(id, code, name) VALUES (39,'department_39', 'TRADING');
INSERT INTO department(id, code, name) VALUES (40,'department_40', 'TRAINING');
INSERT INTO department(id, code, name) VALUES (41,'department_41', 'TREASURY');
INSERT INTO department(id, code, name) VALUES (42,'department_42', 'WACOL');
INSERT INTO department(id, code, name) VALUES (43,'department_43', 'WORKERS COMP');

INSERT INTO section(id, code, name) VALUES (1,'section_1', 'BACON');
INSERT INTO section(id, code, name) VALUES (2,'section_2', 'BONING ROOM');
INSERT INTO section(id, code, name) VALUES (3,'section_3', 'BONING ROOM - BEEF');
INSERT INTO section(id, code, name) VALUES (4,'section_4', 'BONING ROOM - SHEEP');
INSERT INTO section(id, code, name) VALUES (5,'section_5', 'COLD STORES');
INSERT INTO section(id, code, name) VALUES (6,'section_6', 'ENGINEERING OPERATIONS');
INSERT INTO section(id, code, name) VALUES (7,'section_7', 'ENVIRONMENT');
INSERT INTO section(id, code, name) VALUES (8,'section_8', 'FINANCE & ADMINISTRATION');
INSERT INTO section(id, code, name) VALUES (9,'section_9', 'FSQA');
INSERT INTO section(id, code, name) VALUES (10,'section_10', 'HAM');
INSERT INTO section(id, code, name) VALUES (11,'section_11', 'HIDES');
INSERT INTO section(id, code, name) VALUES (12,'section_12', 'HR OPERATIONS');
INSERT INTO section(id, code, name) VALUES (13,'section_13', 'KILL FLOOR');
INSERT INTO section(id, code, name) VALUES (14,'section_14', 'KILL FLOOR - BEEF');
INSERT INTO section(id, code, name) VALUES (15,'section_15', 'KILL FLOOR - SHEEP');
INSERT INTO section(id, code, name) VALUES (16,'section_16', 'LOADOUT');
INSERT INTO section(id, code, name) VALUES (17,'section_17', 'OFFAL');
INSERT INTO section(id, code, name) VALUES (18,'section_18', 'PRODUCTION CONTROL');
INSERT INTO section(id, code, name) VALUES (19,'section_19', 'PURCHASING');
INSERT INTO section(id, code, name) VALUES (20,'section_20', 'RENDERING');
INSERT INTO section(id, code, name) VALUES (21,'section_21', 'SAFETY');
INSERT INTO section(id, code, name) VALUES (22,'section_22', 'SALAMI');
INSERT INTO section(id, code, name) VALUES (23,'section_23', 'SALES');
INSERT INTO section(id, code, name) VALUES (24,'section_24', 'TRANSPORT & LOGISTICS');
INSERT INTO section(id, code, name) VALUES (25,'section_25', 'VALUE ADDED');
INSERT INTO section(id, code, name) VALUES (26,'section_26', 'WAREHOUSE & DISTRIBUTION');

INSERT INTO shift(id, code, name) VALUES (1,'shift_1', 'Day Shift');
INSERT INTO shift(id, code, name) VALUES (2,'shift_2', 'Afternoon Shift');
INSERT INTO shift(id, code, name) VALUES (3,'shift_3', 'Night Shift');

INSERT INTO position(id, code, name) VALUES (1,'position_1', 'Packing Loin Lvl7');
INSERT INTO position(id, code, name) VALUES (2,'position_2', 'Analyst Programmer (Net)');
INSERT INTO position(id, code, name) VALUES (3,'position_3', 'Packing Legs Lvl7');
INSERT INTO position(id, code, name) VALUES (4,'position_4', 'Trades Assistant Maint');
INSERT INTO position(id, code, name) VALUES (5,'position_5', 'Training Officer HR');
INSERT INTO position(id, code, name) VALUES (6,'position_6', 'Training Lvl7');
INSERT INTO position(id, code, name) VALUES (7,'position_7', 'Cryoval Operator Lvl7');
INSERT INTO position(id, code, name) VALUES (8,'position_8', 'Engineering Supervisor Bacon Packaging');
INSERT INTO position(id, code, name) VALUES (9,'position_9', 'Rejects Lvl7');
INSERT INTO position(id, code, name) VALUES (10,'position_10', 'Engineering Supervisor Salami/Slice Pack');

INSERT INTO employee(id, employee_number, first_name, last_name, position_id, department_id) VALUES (1,'230945','Derrick','Stewart',1,1);
INSERT INTO employee(id, employee_number, first_name, last_name, position_id, department_id) VALUES (2,'610700','Alison','Bennett',2,2);
INSERT INTO employee(id, employee_number, first_name, last_name, position_id, department_id) VALUES (3,'61368','Janice','Ferguson',3,3);
INSERT INTO employee(id, employee_number, first_name, last_name, position_id, department_id) VALUES (4,'231605','Sammy','Day',4,4);
INSERT INTO employee(id, employee_number, first_name, last_name, position_id, department_id) VALUES (5,'300110','Clifton','Ball',5,5);
INSERT INTO employee(id, employee_number, first_name, last_name, position_id, department_id) VALUES (6,'230687','Brian','Huff',6,6);
INSERT INTO employee(id, employee_number, first_name, last_name, position_id, department_id) VALUES (7,'1001575','Josh','Newman',7,7);
INSERT INTO employee(id, employee_number, first_name, last_name, position_id, department_id) VALUES (8,'212812','Bradford','Montgomery',8,8);
INSERT INTO employee(id, employee_number, first_name, last_name, position_id, department_id) VALUES (9,'300444','Rosa','Baldwin',9,9);
INSERT INTO employee(id, employee_number, first_name, last_name, position_id, department_id) VALUES (10,'230935','Kurt','Grave',10,10);

INSERT INTO employee_event(id, employee_id, event_name, event_type) VALUES (1,1,'FW',1);
INSERT INTO employee_event(id, employee_id, event_name, event_type) VALUES (2,2,'AM',1);
INSERT INTO employee_event(id, employee_id, event_name, event_type) VALUES (3,3,'WR',1);
INSERT INTO employee_event(id, employee_id, event_name, event_type) VALUES (4,4,'SA',1);
INSERT INTO employee_event(id, employee_id, event_name, event_type) VALUES (5,5,'AM',1);
INSERT INTO employee_event(id, employee_id, event_name, event_type) VALUES (6,6,'FW',1);
INSERT INTO employee_event(id, employee_id, event_name, event_type) VALUES (7,7,'SA',1);
INSERT INTO employee_event(id, employee_id, event_name, event_type) VALUES (8,8,'WR',1);
INSERT INTO employee_event(id, employee_id, event_name, event_type) VALUES (9,9,'SR',1);
INSERT INTO employee_event(id, employee_id, event_name, event_type) VALUES (10,10,'FW',1);

INSERT INTO employee_event(id, employee_id, event_name, event_type) VALUES (11,1,'AC',2);
INSERT INTO employee_event(id, employee_id, event_name, event_type) VALUES (12,2,'AB',2);
INSERT INTO employee_event(id, employee_id, event_name, event_type) VALUES (13,3,'AB',2);
INSERT INTO employee_event(id, employee_id, event_name, event_type) VALUES (14,4,'AA',2);
INSERT INTO employee_event(id, employee_id, event_name, event_type) VALUES (15,5,'UA',2);
INSERT INTO employee_event(id, employee_id, event_name, event_type) VALUES (16,6,'AC',2);
INSERT INTO employee_event(id, employee_id, event_name, event_type) VALUES (17,7,'AB',2);
INSERT INTO employee_event(id, employee_id, event_name, event_type) VALUES (18,8,'UA',2);
INSERT INTO employee_event(id, employee_id, event_name, event_type) VALUES (19,9,'AB',2);
INSERT INTO employee_event(id, employee_id, event_name, event_type) VALUES (20,10,'AA',2);
