INSERT INTO event_admin(id, code, type, value, status, sequence) VALUES (1, 'Stat_001', 'Status', 'Unresolved', 1, 1);
INSERT INTO event_admin(id, code, type, value, status, sequence) VALUES (2, 'Stat_002', 'Status', 'Resolved', 1, 2);
INSERT INTO event_admin(id, code, type, value, status, sequence) VALUES (3, 'EAP_001', 'EAP', 'Not Applicable', 1, 1);
INSERT INTO event_admin(id, code, type, value, status, sequence) VALUES (4, 'EAP_002', 'EAP', 'Yes, Referred', 1, 2);
INSERT INTO event_admin(id, code, type, value, status, sequence) VALUES (5, 'EAP_003', 'EAP', 'Yes, JBS EAP', 1, 3);
INSERT INTO event_admin(id, code, type, value, status, sequence) VALUES (6, 'EAP_004', 'EAP', 'No, Declined', 1, 4);
INSERT INTO event_admin(id, code, type, value, status, sequence) VALUES (7, 'RD_AT_001', 'Request_Doc_Attach_Type', 'Medical Certificate', 1, 1);
INSERT INTO event_admin(id, code, type, value, status, sequence) VALUES (8, 'RD_AT_002', 'Request_Doc_Attach_Type', 'Specialist Clearance', 1, 2);
INSERT INTO event_admin(id, code, type, value, status, sequence) VALUES (9, 'RD_AT_003', 'Request_Doc_Attach_Type', 'Stat declaration', 1, 3);
INSERT INTO event_admin(id, code, type, value, status, sequence) VALUES (10, 'RD_AT_004', 'Request_Doc_Attach_Type', 'Receipt', 1, 4);
INSERT INTO event_admin(id, code, type, value, status, sequence) VALUES (11, 'RD_AT_005', 'Request_Doc_Attach_Type', 'Funeral notice', 1, 5);
INSERT INTO event_admin(id, code, type, value, status, sequence) VALUES (12, 'RD_AT_006', 'Request_Doc_Attach_Type', 'Penalty notice', 1, 6);
INSERT INTO event_admin(id, code, type, value, status, sequence) VALUES (13, 'RD_AT_007', 'Request_Doc_Attach_Type', 'Other', 1, 7);

INSERT INTO event_category(id, code, name, status, sequence) VALUES (1, 'Cat_001', 'Attendance', 1, 1);
INSERT INTO event_category(id, code, name, status, sequence) VALUES (2, 'Cat_002', 'Other', 1, 2);

INSERT INTO event_type(id, code, name, status, sequence, category_id) VALUES (1, 'AC', 'Absent Call In', 1, 1, 1);
INSERT INTO event_type(id, code, name, status, sequence, category_id) VALUES (2, 'AB', 'Absent', 1, 2, 1);
INSERT INTO event_type(id, code, name, status, sequence, category_id) VALUES (3, 'AA', 'Authorised Absence', 1, 3, 1);
INSERT INTO event_type(id, code, name, status, sequence, category_id) VALUES (4, 'LA', 'Leave of Absence', 1, 4, 1);
INSERT INTO event_type(id, code, name, status, sequence, category_id) VALUES (5, 'MS', 'Missed Swipe', 1, 5, 1);
INSERT INTO event_type(id, code, name, status, sequence, category_id) VALUES (6, 'SD', 'Stood Down', 1, 6, 1);
INSERT INTO event_type(id, code, name, status, sequence, category_id) VALUES (7, 'SL', 'Started Late', 1, 7, 1);
INSERT INTO event_type(id, code, name, status, sequence, category_id) VALUES (8, 'UA', 'Unauthorised Absence', 1, 8, 1);
INSERT INTO event_type(id, code, name, status, sequence, category_id) VALUES (9, 'WH', 'Went Home', 1, 9, 1);
INSERT INTO event_type(id, code, name, status, sequence, category_id) VALUES (10, 'CL', 'Compassionate Leave', 1, 10, 1);
INSERT INTO event_type(id, code, name, status, sequence, category_id) VALUES (11, 'AL', 'Annual Leave', 1, 11, 1);
INSERT INTO event_type(id, code, name, status, sequence, category_id) VALUES (12, 'LM', 'Leave Maternity', 1, 12, 1);
INSERT INTO event_type(id, code, name, status, sequence, category_id) VALUES (13, 'LP', 'Leave Paternity', 1, 13, 1);
INSERT INTO event_type(id, code, name, status, sequence, category_id) VALUES (14, 'LS', 'Long Service Leave', 1, 14, 1);
INSERT INTO event_type(id, code, name, status, sequence, category_id) VALUES (15, 'PC', 'Personal/Carer Leave - with cert', 1, 15, 1);
INSERT INTO event_type(id, code, name, status, sequence, category_id) VALUES (16, 'PCN', 'Personal/Carer Leave - without cert', 1, 16, 1);
INSERT INTO event_type(id, code, name, status, sequence, category_id) VALUES (17, 'WC', 'Workers Comp', 1, 17, 1);
INSERT INTO event_type(id, code, name, status, sequence, category_id) VALUES (19, 'MC', 'Medical Certificate', 1, 1, 2);
INSERT INTO event_type(id, code, name, status, sequence, category_id) VALUES (20, 'LC', 'Lost Card', 1, 2, 2);
INSERT INTO event_type(id, code, name, status, sequence, category_id) VALUES (21, 'BTC', 'Breathalyser Test - All Clear (Less than 0.05%)', 1, 3, 2);
INSERT INTO event_type(id, code, name, status, sequence, category_id) VALUES (22, 'BTP', 'Breathalyser Test - Positive (0.05% or greater)', 1, 4, 2);
INSERT INTO event_type(id, code, name, status, sequence, category_id) VALUES (23, 'DAC', 'Drug Test - All Clear', 1, 5, 2);
INSERT INTO event_type(id, code, name, status, sequence, category_id) VALUES (24, 'DCP', 'Drug Test - Confirmed Positive', 1, 6, 2);
INSERT INTO event_type(id, code, name, status, sequence, category_id) VALUES (25, 'DNN', 'Drug Test - Non Negative', 1, 7, 2);
INSERT INTO event_type(id, code, name, status, sequence, category_id) VALUES (26, 'SI', 'Suitable Duties in the Team', 1, 8, 2);
INSERT INTO event_type(id, code, name, status, sequence, category_id) VALUES (27, 'SO', 'Suitable Duties Above the Team', 1, 9, 2);
INSERT INTO event_type(id, code, name, status, sequence, category_id) VALUES (28, 'GR', 'Grievance', 1, 10, 2);
INSERT INTO event_type(id, code, name, status, sequence, category_id) VALUES (29, 'FN', 'File Note', 1, 11, 2);



INSERT INTO performance_admin(id, code, type, value, status, sequence) VALUES (1, 'Resp_001', 'Support_Response', 'Yes', 1, 2);
INSERT INTO performance_admin(id, code, type, value, status, sequence) VALUES (2, 'Resp_002', 'Support_Response', 'No', 1, 1);
INSERT INTO performance_admin(id, code, type, value, status, sequence) VALUES (3, 'Resp_003', 'Support_Response', 'Declined', 1, 3);
INSERT INTO performance_admin(id, code, type, value, status, sequence) VALUES (4, 'Interpreter_001', 'Interpreter', 'Yes', 1, 2);
INSERT INTO performance_admin(id, code, type, value, status, sequence) VALUES (5, 'Interpreter_002', 'Interpreter', 'No', 1, 1);

INSERT INTO performance_category(id, code, name, status, sequence, parent_category_id) VALUES (1, 'OAD', 'Alcohol and other drugs policy', 1, 1, null);
INSERT INTO performance_category(id, code, name, status, sequence, parent_category_id) VALUES (2, 'SC_046', 'General breach of Alcohol and other Drugs policy', 1, 2, 1);
INSERT INTO performance_category(id, code, name, status, sequence, parent_category_id) VALUES (3, 'SC_047', 'Refusal to participate in Alcohol and/or drug test', 1, 3, 1);
INSERT INTO performance_category(id, code, name, status, sequence, parent_category_id) VALUES (4, 'OAW', 'Animal welfare Policy', 1, 4, null);
INSERT INTO performance_category(id, code, name, status, sequence, parent_category_id) VALUES (5, 'SC_052', 'Animal welfare Policy', 1, 5, 4);
INSERT INTO performance_category(id, code, name, status, sequence, parent_category_id) VALUES (6, 'OCC', 'Code of conduct', 1, 6, null);
INSERT INTO performance_category(id, code, name, status, sequence, parent_category_id) VALUES (7, 'SC_044', 'Code of conduct', 1, 7, 6);
INSERT INTO performance_category(id, code, name, status, sequence, parent_category_id) VALUES (8, 'OCP', 'Communication Policy', 1, 8, null);
INSERT INTO performance_category(id, code, name, status, sequence, parent_category_id) VALUES (9, 'SC_001', 'General breach of Communication Policy', 1, 9, 8);
INSERT INTO performance_category(id, code, name, status, sequence, parent_category_id) VALUES (10, 'SC_002', 'Downloading and/or distributing inappropriate material', 1, 10, 8);
INSERT INTO performance_category(id, code, name, status, sequence, parent_category_id) VALUES (11, 'SC_003', 'Inappropriate use of Company IT equipment', 1, 11, 8);
INSERT INTO performance_category(id, code, name, status, sequence, parent_category_id) VALUES (12, 'CP', 'Complaints Policy', 1, 12, null);
INSERT INTO performance_category(id, code, name, status, sequence, parent_category_id) VALUES (13, 'SC_055', 'General breach of complaints policy', 1, 13, 12);
INSERT INTO performance_category(id, code, name, status, sequence, parent_category_id) VALUES (14, 'SC_056', 'Making false, frivolous or vexatious complaints', 1, 14, 12);
INSERT INTO performance_category(id, code, name, status, sequence, parent_category_id) VALUES (15, 'SC_057', 'Breach of confidentiality', 1, 15, 12);
INSERT INTO performance_category(id, code, name, status, sequence, parent_category_id) VALUES (16, 'OCI', 'Contact of interest', 1, 16, null);
INSERT INTO performance_category(id, code, name, status, sequence, parent_category_id) VALUES (17, 'SC_045', 'Conflict of interest', 1, 17, 16);
INSERT INTO performance_category(id, code, name, status, sequence, parent_category_id) VALUES (18, 'OHP', 'Discrimination, Harassment, Bullying and Victimisation Policy', 1, 18, null);
INSERT INTO performance_category(id, code, name, status, sequence, parent_category_id) VALUES (19, 'SC_037', 'General breach of Discrimination, Harassment, Bullying and Victimisation Policy', 1, 19, 18);
INSERT INTO performance_category(id, code, name, status, sequence, parent_category_id) VALUES (20, 'SC_038', 'Physical Violence', 1, 20, 18);
INSERT INTO performance_category(id, code, name, status, sequence, parent_category_id) VALUES (21, 'SC_039', 'Sexual harassment', 1, 21, 18);
INSERT INTO performance_category(id, code, name, status, sequence, parent_category_id) VALUES (22, 'SC_040', 'Bullying', 1, 22, 18);
INSERT INTO performance_category(id, code, name, status, sequence, parent_category_id) VALUES (23, 'SC_041', 'Harassment', 1, 23, 18);
INSERT INTO performance_category(id, code, name, status, sequence, parent_category_id) VALUES (24, 'SC_042', 'Victimisation', 1, 24, 18);
INSERT INTO performance_category(id, code, name, status, sequence, parent_category_id) VALUES (25, 'OEC', 'Employment Contract', 1, 25, null);
INSERT INTO performance_category(id, code, name, status, sequence, parent_category_id) VALUES (26, 'SC_028', 'Confidential information', 1, 26, 25);
INSERT INTO performance_category(id, code, name, status, sequence, parent_category_id) VALUES (27, 'OEP', 'Environmental Policy', 1, 27, null);
INSERT INTO performance_category(id, code, name, status, sequence, parent_category_id) VALUES (28, 'SC_027', 'Environmental Policy', 1, 28, 27);
INSERT INTO performance_category(id, code, name, status, sequence, parent_category_id) VALUES (29, 'OFS', 'Food Safety & Quality Assurance Policy', 1, 29, null);
INSERT INTO performance_category(id, code, name, status, sequence, parent_category_id) VALUES (30, 'SC_004', 'General breach of Food Safety Policy', 1, 30, 29);
INSERT INTO performance_category(id, code, name, status, sequence, parent_category_id) VALUES (31, 'SC_005', 'Allergens in processing area', 1, 31, 29);
INSERT INTO performance_category(id, code, name, status, sequence, parent_category_id) VALUES (32, 'SC_006', 'Throwing Product', 1, 32, 29);
INSERT INTO performance_category(id, code, name, status, sequence, parent_category_id) VALUES (33, 'SC_007', 'Breach of Dropped Meat Procedure', 1, 33, 29);
INSERT INTO performance_category(id, code, name, status, sequence, parent_category_id) VALUES (34, 'SC_008', 'Loose items in production area', 1, 34, 29);
INSERT INTO performance_category(id, code, name, status, sequence, parent_category_id) VALUES (35, 'SC_009', 'Smoking where not permitted', 1, 35, 29);
INSERT INTO performance_category(id, code, name, status, sequence, parent_category_id) VALUES (36, 'SC_010', 'Food and Drink where not permitted', 1, 36, 29);
INSERT INTO performance_category(id, code, name, status, sequence, parent_category_id) VALUES (37, 'SC_011', 'Failure to follow reasonable work instructions', 1, 37, 29);
INSERT INTO performance_category(id, code, name, status, sequence, parent_category_id) VALUES (38, 'SC_012', 'Failure to put soiled clothing in allocated bins', 1, 38, 29);
INSERT INTO performance_category(id, code, name, status, sequence, parent_category_id) VALUES (39, 'SC_013', 'Breach of site based jewellery or cosmetics policy', 1, 39, 29);
INSERT INTO performance_category(id, code, name, status, sequence, parent_category_id) VALUES (40, 'SC_014', 'Failure to keep lockers in hygienic state', 1, 40, 29);
INSERT INTO performance_category(id, code, name, status, sequence, parent_category_id) VALUES (41, 'OID', 'ID card policy', 1, 41, null);
INSERT INTO performance_category(id, code, name, status, sequence, parent_category_id) VALUES (42, 'SC_048', 'General breach of ID card Policy', 1, 42, 41);
INSERT INTO performance_category(id, code, name, status, sequence, parent_category_id) VALUES (43, 'SC_049', 'Failure to use kronos clocks', 1, 43, 41);
INSERT INTO performance_category(id, code, name, status, sequence, parent_category_id) VALUES (44, 'SC_050', 'Lose of kronos card – ongoing', 1, 44, 41);
INSERT INTO performance_category(id, code, name, status, sequence, parent_category_id) VALUES (45, 'SC_051', 'Misuse of kronos cardn', 1, 45, 41);
INSERT INTO performance_category(id, code, name, status, sequence, parent_category_id) VALUES (46, 'LDP', 'Learning & Development Policy', 1, 46, null);
INSERT INTO performance_category(id, code, name, status, sequence, parent_category_id) VALUES (47, 'SC_017', 'General breach of Learning & Development Policy', 1, 47, 46);
INSERT INTO performance_category(id, code, name, status, sequence, parent_category_id) VALUES (48, 'SC_018', 'Performing Task without Task Description', 1, 48, 46);
INSERT INTO performance_category(id, code, name, status, sequence, parent_category_id) VALUES (49, 'SC_019', 'Failure to follow reasonable instructions', 1, 49, 46);
INSERT INTO performance_category(id, code, name, status, sequence, parent_category_id) VALUES (50, 'OTH', 'Other', 1, 50, null);
INSERT INTO performance_category(id, code, name, status, sequence, parent_category_id) VALUES (51, 'SC_058', 'Other', 1, 51, 50);
INSERT INTO performance_category(id, code, name, status, sequence, parent_category_id) VALUES (52, 'OPP', 'Privacy Policy', 1, 52, null);
INSERT INTO performance_category(id, code, name, status, sequence, parent_category_id) VALUES (53, 'SC_015', 'General breach of the privacy policy', 1, 53, 52);
INSERT INTO performance_category(id, code, name, status, sequence, parent_category_id) VALUES (54, 'SC_016', 'Breach of confidentiality', 1, 54, 52);
INSERT INTO performance_category(id, code, name, status, sequence, parent_category_id) VALUES (55, 'OST', 'Standard Terms and Conditions of Employment', 1, 55, null);
INSERT INTO performance_category(id, code, name, status, sequence, parent_category_id) VALUES (56, 'SC_029', 'General breach of ST&C', 1, 56, 55);
INSERT INTO performance_category(id, code, name, status, sequence, parent_category_id) VALUES (57, 'SC_030', 'Unauthorised Absence', 1, 57, 55);
INSERT INTO performance_category(id, code, name, status, sequence, parent_category_id) VALUES (58, 'SC_031', 'Damage to company property', 1, 58, 55);
INSERT INTO performance_category(id, code, name, status, sequence, parent_category_id) VALUES (59, 'SC_032', 'Damage to Company reputation', 1, 59, 55);
INSERT INTO performance_category(id, code, name, status, sequence, parent_category_id) VALUES (60, 'SC_033', 'Theft from Company or other employee', 1, 60, 55);
INSERT INTO performance_category(id, code, name, status, sequence, parent_category_id) VALUES (61, 'SC_034', 'Failure to permit bag/locker search to be conducted', 1, 61, 55);
INSERT INTO performance_category(id, code, name, status, sequence, parent_category_id) VALUES (62, 'SC_035', 'Deliberate insubordination', 1, 62, 55);
INSERT INTO performance_category(id, code, name, status, sequence, parent_category_id) VALUES (63, 'SC_036', 'Breach of cardinal rule', 1, 63, 55);
INSERT INTO performance_category(id, code, name, status, sequence, parent_category_id) VALUES (64, 'OTP', 'Trade practices', 1, 64, null);
INSERT INTO performance_category(id, code, name, status, sequence, parent_category_id) VALUES (65, 'SC_043', 'Trade practices Policy', 1, 65, 64);
INSERT INTO performance_category(id, code, name, status, sequence, parent_category_id) VALUES (66, 'OWS', 'Workplace Health and Safety Policy', 1, 66, null);
INSERT INTO performance_category(id, code, name, status, sequence, parent_category_id) VALUES (67, 'SC_020', 'General breach of WH&S Policy ', 1, 67, 66);
INSERT INTO performance_category(id, code, name, status, sequence, parent_category_id) VALUES (68, 'SC_021', 'Breach involving PPE', 1, 68, 66);
INSERT INTO performance_category(id, code, name, status, sequence, parent_category_id) VALUES (69, 'SC_022', 'Breach of policy involving knives ', 1, 69, 66);
INSERT INTO performance_category(id, code, name, status, sequence, parent_category_id) VALUES (70, 'SC_023', 'Vehicle operation – including without licence/authorisation/recklessly', 1, 70, 66);
INSERT INTO performance_category(id, code, name, status, sequence, parent_category_id) VALUES (71, 'SC_024', 'Failure to wear hearing PPE or wearing radio headsets', 1, 71, 66);
INSERT INTO performance_category(id, code, name, status, sequence, parent_category_id) VALUES (72, 'SC_025', 'Failure to follow protocols when working around livestock', 1, 72, 66);
INSERT INTO performance_category(id, code, name, status, sequence, parent_category_id) VALUES (73, 'SC_026', 'Failure to report injuries/incidents', 1, 73, 66);
INSERT INTO performance_category(id, code, name, status, sequence, parent_category_id) VALUES (74, 'OWR', 'Workplace Rehabilitation Policy', 1, 74, null);
INSERT INTO performance_category(id, code, name, status, sequence, parent_category_id) VALUES (75, 'SC_053', 'General breach of Workplace Rehab Policy', 1, 75, 74);
INSERT INTO performance_category(id, code, name, status, sequence, parent_category_id) VALUES (76, 'SC_054', 'Failure to comply with RTW plan', 1, 76, 74);

INSERT INTO performance_action(id, code, name, status) VALUES (1, 'AB', 'Abandonment of employment', 1);
INSERT INTO performance_action(id, code, name, status) VALUES (2, 'FA', 'Failure to notify of Absence', 1);
INSERT INTO performance_action(id, code, name, status) VALUES (3, 'RW', 'Re-confirmation of final', 1);
INSERT INTO performance_action(id, code, name, status) VALUES (4, 'FR', 'Supervisor report', 1);
INSERT INTO performance_action(id, code, name, status) VALUES (5, 'CS', 'Counselling session', 1);
INSERT INTO performance_action(id, code, name, status) VALUES (6, 'WC', 'Written counselling', 1);
INSERT INTO performance_action(id, code, name, status) VALUES (7, 'SU', 'Suspension', 1);
INSERT INTO performance_action(id, code, name, status) VALUES (8, 'NS', 'Notice of suspension', 1);
INSERT INTO performance_action(id, code, name, status) VALUES (9, 'WW', '1st warning', 1);
INSERT INTO performance_action(id, code, name, status) VALUES (10, 'WS', '2nd warning', 1);
INSERT INTO performance_action(id, code, name, status) VALUES (11, 'FW', 'Final warning', 1);
INSERT INTO performance_action(id, code, name, status) VALUES (12, 'AM', 'Attendance monitoring', 1);
INSERT INTO performance_action(id, code, name, status) VALUES (13, 'WR', 'Written response', 1);
INSERT INTO performance_action(id, code, name, status) VALUES (14, 'SA', 'Stood Aside', 1);
INSERT INTO performance_action(id, code, name, status) VALUES (15, 'OT', 'Other', 1);
INSERT INTO performance_action(id, code, name, status) VALUES (16, 'TE', 'Termination letter', 1);
INSERT INTO performance_action(id, code, name, status) VALUES (17, 'SP', 'Support Person ', 1);
INSERT INTO performance_action(id, code, name, status) VALUES (18, 'DP', 'Demand for return of property', 1);
INSERT INTO performance_action(id, code, name, status) VALUES (19, 'EEC', 'Employee Exit Checklist', 1);
INSERT INTO performance_action(id, code, name, status) VALUES (20, 'NE', 'New Employee Assessment', 1);
INSERT INTO performance_action(id, code, name, status) VALUES (21, 'UA', 'Unauthorised Absence', 1);

INSERT INTO performance_category_action(action_id, category_id) VALUES(16, 50);
INSERT INTO performance_category_action(action_id, category_id) VALUES(17, 50);
INSERT INTO performance_category_action(action_id, category_id) VALUES(18, 50);
INSERT INTO performance_category_action(action_id, category_id) VALUES(19, 50);
INSERT INTO performance_category_action(action_id, category_id) VALUES(20, 50);
INSERT INTO performance_category_action(action_id, category_id) VALUES(21, 50);
INSERT INTO performance_category_action(action_id, category_id) VALUES(1, 55);
INSERT INTO performance_category_action(action_id, category_id) VALUES(2, 55);
INSERT INTO performance_category_action(action_id, category_id) VALUES(3, 55);
INSERT INTO performance_category_action(action_id, category_id) VALUES(4, 55);
INSERT INTO performance_category_action(action_id, category_id) VALUES(5, 55);
INSERT INTO performance_category_action(action_id, category_id) VALUES(6, 55);
INSERT INTO performance_category_action(action_id, category_id) VALUES(7, 55);
INSERT INTO performance_category_action(action_id, category_id) VALUES(8, 55);
INSERT INTO performance_category_action(action_id, category_id) VALUES(9, 55);
INSERT INTO performance_category_action(action_id, category_id) VALUES(10, 55);
INSERT INTO performance_category_action(action_id, category_id) VALUES(11, 55);
INSERT INTO performance_category_action(action_id, category_id) VALUES(12, 55);
INSERT INTO performance_category_action(action_id, category_id) VALUES(13, 55);
INSERT INTO performance_category_action(action_id, category_id) VALUES(14, 55);
INSERT INTO performance_category_action(action_id, category_id) VALUES(15, 55);
INSERT INTO performance_category_action(action_id, category_id) VALUES(3, 12);
INSERT INTO performance_category_action(action_id, category_id) VALUES(4, 12);
INSERT INTO performance_category_action(action_id, category_id) VALUES(5, 12);
INSERT INTO performance_category_action(action_id, category_id) VALUES(6, 12);
INSERT INTO performance_category_action(action_id, category_id) VALUES(7, 12);
INSERT INTO performance_category_action(action_id, category_id) VALUES(8, 12);
INSERT INTO performance_category_action(action_id, category_id) VALUES(9, 12);
INSERT INTO performance_category_action(action_id, category_id) VALUES(10, 12);
INSERT INTO performance_category_action(action_id, category_id) VALUES(11, 12);
INSERT INTO performance_category_action(action_id, category_id) VALUES(13, 12);
INSERT INTO performance_category_action(action_id, category_id) VALUES(14, 12);
INSERT INTO performance_category_action(action_id, category_id) VALUES(15, 12);
INSERT INTO performance_category_action(action_id, category_id) VALUES(3, 46);
INSERT INTO performance_category_action(action_id, category_id) VALUES(4, 46);
INSERT INTO performance_category_action(action_id, category_id) VALUES(5, 46);
INSERT INTO performance_category_action(action_id, category_id) VALUES(6, 46);
INSERT INTO performance_category_action(action_id, category_id) VALUES(7, 46);
INSERT INTO performance_category_action(action_id, category_id) VALUES(8, 46);
INSERT INTO performance_category_action(action_id, category_id) VALUES(9, 46);
INSERT INTO performance_category_action(action_id, category_id) VALUES(10, 46);
INSERT INTO performance_category_action(action_id, category_id) VALUES(11, 46);
INSERT INTO performance_category_action(action_id, category_id) VALUES(13, 46);
INSERT INTO performance_category_action(action_id, category_id) VALUES(14, 46);
INSERT INTO performance_category_action(action_id, category_id) VALUES(15, 46);
INSERT INTO performance_category_action(action_id, category_id) VALUES(3, 1);
INSERT INTO performance_category_action(action_id, category_id) VALUES(4, 1);
INSERT INTO performance_category_action(action_id, category_id) VALUES(5, 1);
INSERT INTO performance_category_action(action_id, category_id) VALUES(6, 1);
INSERT INTO performance_category_action(action_id, category_id) VALUES(7, 1);
INSERT INTO performance_category_action(action_id, category_id) VALUES(8, 1);
INSERT INTO performance_category_action(action_id, category_id) VALUES(9, 1);
INSERT INTO performance_category_action(action_id, category_id) VALUES(10, 1);
INSERT INTO performance_category_action(action_id, category_id) VALUES(11, 1);
INSERT INTO performance_category_action(action_id, category_id) VALUES(13, 1);
INSERT INTO performance_category_action(action_id, category_id) VALUES(14, 1);
INSERT INTO performance_category_action(action_id, category_id) VALUES(15, 1);
INSERT INTO performance_category_action(action_id, category_id) VALUES(3, 4);
INSERT INTO performance_category_action(action_id, category_id) VALUES(4, 4);
INSERT INTO performance_category_action(action_id, category_id) VALUES(5, 4);
INSERT INTO performance_category_action(action_id, category_id) VALUES(6, 4);
INSERT INTO performance_category_action(action_id, category_id) VALUES(7, 4);
INSERT INTO performance_category_action(action_id, category_id) VALUES(8, 4);
INSERT INTO performance_category_action(action_id, category_id) VALUES(9, 4);
INSERT INTO performance_category_action(action_id, category_id) VALUES(10, 4);
INSERT INTO performance_category_action(action_id, category_id) VALUES(11, 4);
INSERT INTO performance_category_action(action_id, category_id) VALUES(13, 4);
INSERT INTO performance_category_action(action_id, category_id) VALUES(14, 4);
INSERT INTO performance_category_action(action_id, category_id) VALUES(15, 4);
INSERT INTO performance_category_action(action_id, category_id) VALUES(3, 6);
INSERT INTO performance_category_action(action_id, category_id) VALUES(4, 6);
INSERT INTO performance_category_action(action_id, category_id) VALUES(5, 6);
INSERT INTO performance_category_action(action_id, category_id) VALUES(6, 6);
INSERT INTO performance_category_action(action_id, category_id) VALUES(7, 6);
INSERT INTO performance_category_action(action_id, category_id) VALUES(8, 6);
INSERT INTO performance_category_action(action_id, category_id) VALUES(9, 6);
INSERT INTO performance_category_action(action_id, category_id) VALUES(10, 6);
INSERT INTO performance_category_action(action_id, category_id) VALUES(11, 6);
INSERT INTO performance_category_action(action_id, category_id) VALUES(13, 6);
INSERT INTO performance_category_action(action_id, category_id) VALUES(14, 6);
INSERT INTO performance_category_action(action_id, category_id) VALUES(15, 6);
INSERT INTO performance_category_action(action_id, category_id) VALUES(3, 16);
INSERT INTO performance_category_action(action_id, category_id) VALUES(4, 16);
INSERT INTO performance_category_action(action_id, category_id) VALUES(5, 16);
INSERT INTO performance_category_action(action_id, category_id) VALUES(6, 16);
INSERT INTO performance_category_action(action_id, category_id) VALUES(7, 16);
INSERT INTO performance_category_action(action_id, category_id) VALUES(8, 16);
INSERT INTO performance_category_action(action_id, category_id) VALUES(9, 16);
INSERT INTO performance_category_action(action_id, category_id) VALUES(10, 16);
INSERT INTO performance_category_action(action_id, category_id) VALUES(11, 16);
INSERT INTO performance_category_action(action_id, category_id) VALUES(13, 16);
INSERT INTO performance_category_action(action_id, category_id) VALUES(14, 16);
INSERT INTO performance_category_action(action_id, category_id) VALUES(15, 16);
INSERT INTO performance_category_action(action_id, category_id) VALUES(3, 8);
INSERT INTO performance_category_action(action_id, category_id) VALUES(4, 8);
INSERT INTO performance_category_action(action_id, category_id) VALUES(5, 8);
INSERT INTO performance_category_action(action_id, category_id) VALUES(6, 8);
INSERT INTO performance_category_action(action_id, category_id) VALUES(7, 8);
INSERT INTO performance_category_action(action_id, category_id) VALUES(8, 8);
INSERT INTO performance_category_action(action_id, category_id) VALUES(9, 8);
INSERT INTO performance_category_action(action_id, category_id) VALUES(10, 8);
INSERT INTO performance_category_action(action_id, category_id) VALUES(11, 8);
INSERT INTO performance_category_action(action_id, category_id) VALUES(13, 8);
INSERT INTO performance_category_action(action_id, category_id) VALUES(14, 8);
INSERT INTO performance_category_action(action_id, category_id) VALUES(15, 8);
INSERT INTO performance_category_action(action_id, category_id) VALUES(3, 25);
INSERT INTO performance_category_action(action_id, category_id) VALUES(4, 25);
INSERT INTO performance_category_action(action_id, category_id) VALUES(5, 25);
INSERT INTO performance_category_action(action_id, category_id) VALUES(6, 25);
INSERT INTO performance_category_action(action_id, category_id) VALUES(7, 25);
INSERT INTO performance_category_action(action_id, category_id) VALUES(8, 25);
INSERT INTO performance_category_action(action_id, category_id) VALUES(9, 25);
INSERT INTO performance_category_action(action_id, category_id) VALUES(10, 25);
INSERT INTO performance_category_action(action_id, category_id) VALUES(11, 25);
INSERT INTO performance_category_action(action_id, category_id) VALUES(13, 25);
INSERT INTO performance_category_action(action_id, category_id) VALUES(14, 25);
INSERT INTO performance_category_action(action_id, category_id) VALUES(15, 25);
INSERT INTO performance_category_action(action_id, category_id) VALUES(3, 27);
INSERT INTO performance_category_action(action_id, category_id) VALUES(4, 27);
INSERT INTO performance_category_action(action_id, category_id) VALUES(5, 27);
INSERT INTO performance_category_action(action_id, category_id) VALUES(6, 27);
INSERT INTO performance_category_action(action_id, category_id) VALUES(7, 27);
INSERT INTO performance_category_action(action_id, category_id) VALUES(8, 27);
INSERT INTO performance_category_action(action_id, category_id) VALUES(9, 27);
INSERT INTO performance_category_action(action_id, category_id) VALUES(10, 27);
INSERT INTO performance_category_action(action_id, category_id) VALUES(11, 27);
INSERT INTO performance_category_action(action_id, category_id) VALUES(13, 27);
INSERT INTO performance_category_action(action_id, category_id) VALUES(14, 27);
INSERT INTO performance_category_action(action_id, category_id) VALUES(15, 27);
INSERT INTO performance_category_action(action_id, category_id) VALUES(3, 29);
INSERT INTO performance_category_action(action_id, category_id) VALUES(4, 29);
INSERT INTO performance_category_action(action_id, category_id) VALUES(5, 29);
INSERT INTO performance_category_action(action_id, category_id) VALUES(6, 29);
INSERT INTO performance_category_action(action_id, category_id) VALUES(7, 29);
INSERT INTO performance_category_action(action_id, category_id) VALUES(8, 29);
INSERT INTO performance_category_action(action_id, category_id) VALUES(9, 29);
INSERT INTO performance_category_action(action_id, category_id) VALUES(10, 29);
INSERT INTO performance_category_action(action_id, category_id) VALUES(11, 29);
INSERT INTO performance_category_action(action_id, category_id) VALUES(13, 29);
INSERT INTO performance_category_action(action_id, category_id) VALUES(14, 29);
INSERT INTO performance_category_action(action_id, category_id) VALUES(15, 29);
INSERT INTO performance_category_action(action_id, category_id) VALUES(3, 18);
INSERT INTO performance_category_action(action_id, category_id) VALUES(4, 18);
INSERT INTO performance_category_action(action_id, category_id) VALUES(5, 18);
INSERT INTO performance_category_action(action_id, category_id) VALUES(6, 18);
INSERT INTO performance_category_action(action_id, category_id) VALUES(7, 18);
INSERT INTO performance_category_action(action_id, category_id) VALUES(8, 18);
INSERT INTO performance_category_action(action_id, category_id) VALUES(9, 18);
INSERT INTO performance_category_action(action_id, category_id) VALUES(10, 18);
INSERT INTO performance_category_action(action_id, category_id) VALUES(11, 18);
INSERT INTO performance_category_action(action_id, category_id) VALUES(13, 18);
INSERT INTO performance_category_action(action_id, category_id) VALUES(14, 18);
INSERT INTO performance_category_action(action_id, category_id) VALUES(15, 18);
INSERT INTO performance_category_action(action_id, category_id) VALUES(3, 41);
INSERT INTO performance_category_action(action_id, category_id) VALUES(4, 41);
INSERT INTO performance_category_action(action_id, category_id) VALUES(5, 41);
INSERT INTO performance_category_action(action_id, category_id) VALUES(6, 41);
INSERT INTO performance_category_action(action_id, category_id) VALUES(7, 41);
INSERT INTO performance_category_action(action_id, category_id) VALUES(8, 41);
INSERT INTO performance_category_action(action_id, category_id) VALUES(9, 41);
INSERT INTO performance_category_action(action_id, category_id) VALUES(10, 41);
INSERT INTO performance_category_action(action_id, category_id) VALUES(11, 41);
INSERT INTO performance_category_action(action_id, category_id) VALUES(13, 41);
INSERT INTO performance_category_action(action_id, category_id) VALUES(14, 41);
INSERT INTO performance_category_action(action_id, category_id) VALUES(15, 41);
INSERT INTO performance_category_action(action_id, category_id) VALUES(3, 52);
INSERT INTO performance_category_action(action_id, category_id) VALUES(4, 52);
INSERT INTO performance_category_action(action_id, category_id) VALUES(5, 52);
INSERT INTO performance_category_action(action_id, category_id) VALUES(6, 52);
INSERT INTO performance_category_action(action_id, category_id) VALUES(7, 52);
INSERT INTO performance_category_action(action_id, category_id) VALUES(8, 52);
INSERT INTO performance_category_action(action_id, category_id) VALUES(9, 52);
INSERT INTO performance_category_action(action_id, category_id) VALUES(10, 52);
INSERT INTO performance_category_action(action_id, category_id) VALUES(11, 52);
INSERT INTO performance_category_action(action_id, category_id) VALUES(13, 52);
INSERT INTO performance_category_action(action_id, category_id) VALUES(14, 52);
INSERT INTO performance_category_action(action_id, category_id) VALUES(15, 52);
INSERT INTO performance_category_action(action_id, category_id) VALUES(3, 64);
INSERT INTO performance_category_action(action_id, category_id) VALUES(4, 64);
INSERT INTO performance_category_action(action_id, category_id) VALUES(5, 64);
INSERT INTO performance_category_action(action_id, category_id) VALUES(6, 64);
INSERT INTO performance_category_action(action_id, category_id) VALUES(7, 64);
INSERT INTO performance_category_action(action_id, category_id) VALUES(8, 64);
INSERT INTO performance_category_action(action_id, category_id) VALUES(9, 64);
INSERT INTO performance_category_action(action_id, category_id) VALUES(10, 64);
INSERT INTO performance_category_action(action_id, category_id) VALUES(11, 64);
INSERT INTO performance_category_action(action_id, category_id) VALUES(13, 64);
INSERT INTO performance_category_action(action_id, category_id) VALUES(14, 64);
INSERT INTO performance_category_action(action_id, category_id) VALUES(15, 64);
INSERT INTO performance_category_action(action_id, category_id) VALUES(3, 74);
INSERT INTO performance_category_action(action_id, category_id) VALUES(4, 74);
INSERT INTO performance_category_action(action_id, category_id) VALUES(5, 74);
INSERT INTO performance_category_action(action_id, category_id) VALUES(6, 74);
INSERT INTO performance_category_action(action_id, category_id) VALUES(7, 74);
INSERT INTO performance_category_action(action_id, category_id) VALUES(8, 74);
INSERT INTO performance_category_action(action_id, category_id) VALUES(9, 74);
INSERT INTO performance_category_action(action_id, category_id) VALUES(10, 74);
INSERT INTO performance_category_action(action_id, category_id) VALUES(11, 74);
INSERT INTO performance_category_action(action_id, category_id) VALUES(13, 74);
INSERT INTO performance_category_action(action_id, category_id) VALUES(14, 74);
INSERT INTO performance_category_action(action_id, category_id) VALUES(15, 74);
INSERT INTO performance_category_action(action_id, category_id) VALUES(3, 66);
INSERT INTO performance_category_action(action_id, category_id) VALUES(4, 66);
INSERT INTO performance_category_action(action_id, category_id) VALUES(5, 66);
INSERT INTO performance_category_action(action_id, category_id) VALUES(6, 66);
INSERT INTO performance_category_action(action_id, category_id) VALUES(7, 66);
INSERT INTO performance_category_action(action_id, category_id) VALUES(8, 66);
INSERT INTO performance_category_action(action_id, category_id) VALUES(9, 66);
INSERT INTO performance_category_action(action_id, category_id) VALUES(10, 66);
INSERT INTO performance_category_action(action_id, category_id) VALUES(11, 66);
INSERT INTO performance_category_action(action_id, category_id) VALUES(13, 66);
INSERT INTO performance_category_action(action_id, category_id) VALUES(14, 66);
INSERT INTO performance_category_action(action_id, category_id) VALUES(15, 66);

INSERT INTO letter_template(id, code, name, template_file, status) VALUES (1, '001', 'Abandonment of employement letter 1', 'letter.docx',  1);
INSERT INTO letter_template(id, code, name, template_file, status) VALUES (2, '002', 'Abandonment of employement letter 2', 'letter.docx',  1);
INSERT INTO letter_template(id, code, name, template_file, status) VALUES (3, '003', 'Abandonment of employement letter 3', 'letter.docx',  1);
INSERT INTO letter_template(id, code, name, template_file, status) VALUES (4, '004', 'Failure to notify of Absence (1)', 'letter.docx',  1);
INSERT INTO letter_template(id, code, name, template_file, status) VALUES (5, '005', 'Failure to notify of Absence (2)', 'letter.docx',  1);
INSERT INTO letter_template(id, code, name, template_file, status) VALUES (6, '006', 'Failure to notify of Absence (3)', 'letter.docx',  1);

INSERT INTO performance_action_template(template_id, action_id) VALUES(1, 1);
INSERT INTO performance_action_template(template_id, action_id) VALUES(2, 1);
INSERT INTO performance_action_template(template_id, action_id) VALUES(3, 1);
INSERT INTO performance_action_template(template_id, action_id) VALUES(4, 2);
INSERT INTO performance_action_template(template_id, action_id) VALUES(5, 2);
INSERT INTO performance_action_template(template_id, action_id) VALUES(6, 2);

INSERT INTO department(id, code, name) VALUES (1,'department_1', 'ADELAIDE');
INSERT INTO department(id, code, name) VALUES (2,'department_2', 'BEEF BUYERS');
INSERT INTO department(id, code, name) VALUES (3,'department_3', 'BEEF CITY');
INSERT INTO department(id, code, name) VALUES (4,'department_4', 'BORDERTOWN');
INSERT INTO department(id, code, name) VALUES (5,'department_5', 'BRISBANE');
INSERT INTO department(id, code, name) VALUES (6,'department_6', 'BROOKLYN');
INSERT INTO department(id, code, name) VALUES (7,'department_7', 'CHULORA');
INSERT INTO department(id, code, name) VALUES (8,'department_8', 'COBRAM');
INSERT INTO department(id, code, name) VALUES (9,'department_9', 'DEVELOPMENT');
INSERT INTO department(id, code, name) VALUES (10,'department_10', 'DEVONPORT');
INSERT INTO department(id, code, name) VALUES (11,'department_11', 'DINMORE');
INSERT INTO department(id, code, name) VALUES (12,'department_12', 'FOODPARTNERS');
INSERT INTO department(id, code, name) VALUES (13,'department_13', 'HELP DESK');
INSERT INTO department(id, code, name) VALUES (14,'department_14', 'HR SYSTEMS');
INSERT INTO department(id, code, name) VALUES (15,'department_15', 'INFRASTRUCTURE');
INSERT INTO department(id, code, name) VALUES (16,'department_16', 'INTERNAL AUDIT');
INSERT INTO department(id, code, name) VALUES (17,'department_17', 'JOES SITES');
INSERT INTO department(id, code, name) VALUES (18,'department_18', 'LEGAL');
INSERT INTO department(id, code, name) VALUES (19,'department_19', 'LONGFORD');
INSERT INTO department(id, code, name) VALUES (20,'department_20', 'MAN ACCOUNTING');
INSERT INTO department(id, code, name) VALUES (21,'department_21', 'MELBOURNE');
INSERT INTO department(id, code, name) VALUES (22,'department_22', 'MUGINDI');
INSERT INTO department(id, code, name) VALUES (23,'department_23', 'OHS');
INSERT INTO department(id, code, name) VALUES (24,'department_24', 'OPS AND PROCESSES');
INSERT INTO department(id, code, name) VALUES (25,'department_25', 'PAYROLL');
INSERT INTO department(id, code, name) VALUES (26,'department_26', 'PERTH');
INSERT INTO department(id, code, name) VALUES (27,'department_27', 'PORT WAKEFIELD');
INSERT INTO department(id, code, name) VALUES (28,'department_28', 'PRIME CITY');
INSERT INTO department(id, code, name) VALUES (29,'department_29', 'PRODUCTION STREET');
INSERT INTO department(id, code, name) VALUES (30,'department_30', 'REG AND PUBLIC AFFAIRS');
INSERT INTO department(id, code, name) VALUES (31,'department_31', 'RIVERINA');
INSERT INTO department(id, code, name) VALUES (32,'department_32', 'ROCKHAMPTON');
INSERT INTO department(id, code, name) VALUES (33,'department_33', 'SCONE');
INSERT INTO department(id, code, name) VALUES (34,'department_34', 'SHEEP BUYERS');
INSERT INTO department(id, code, name) VALUES (35,'department_35', 'SHIPPING');
INSERT INTO department(id, code, name) VALUES (36,'department_36', 'SYDNEY');
INSERT INTO department(id, code, name) VALUES (37,'department_37', 'TASMANIA');
INSERT INTO department(id, code, name) VALUES (38,'department_38', 'TOWNSVILLE');
INSERT INTO department(id, code, name) VALUES (39,'department_39', 'TRADING');
INSERT INTO department(id, code, name) VALUES (40,'department_40', 'TRAINING');
INSERT INTO department(id, code, name) VALUES (41,'department_41', 'TREASURY');
INSERT INTO department(id, code, name) VALUES (42,'department_42', 'WACOL');
INSERT INTO department(id, code, name) VALUES (43,'department_43', 'WORKERS COMP');

INSERT INTO section(id, code, name) VALUES (1,'section_1', 'BACON');
INSERT INTO section(id, code, name) VALUES (2,'section_2', 'BONING ROOM');
INSERT INTO section(id, code, name) VALUES (3,'section_3', 'BONING ROOM - BEEF');
INSERT INTO section(id, code, name) VALUES (4,'section_4', 'BONING ROOM - SHEEP');
INSERT INTO section(id, code, name) VALUES (5,'section_5', 'COLD STORES');
INSERT INTO section(id, code, name) VALUES (6,'section_6', 'ENGINEERING OPERATIONS');
INSERT INTO section(id, code, name) VALUES (7,'section_7', 'ENVIRONMENT');
INSERT INTO section(id, code, name) VALUES (8,'section_8', 'FINANCE & ADMINISTRATION');
INSERT INTO section(id, code, name) VALUES (9,'section_9', 'FSQA');
INSERT INTO section(id, code, name) VALUES (10,'section_10', 'HAM');
INSERT INTO section(id, code, name) VALUES (11,'section_11', 'HIDES');
INSERT INTO section(id, code, name) VALUES (12,'section_12', 'HR OPERATIONS');
INSERT INTO section(id, code, name) VALUES (13,'section_13', 'KILL FLOOR');
INSERT INTO section(id, code, name) VALUES (14,'section_14', 'KILL FLOOR - BEEF');
INSERT INTO section(id, code, name) VALUES (15,'section_15', 'KILL FLOOR - SHEEP');
INSERT INTO section(id, code, name) VALUES (16,'section_16', 'LOADOUT');
INSERT INTO section(id, code, name) VALUES (17,'section_17', 'OFFAL');
INSERT INTO section(id, code, name) VALUES (18,'section_18', 'PRODUCTION CONTROL');
INSERT INTO section(id, code, name) VALUES (19,'section_19', 'PURCHASING');
INSERT INTO section(id, code, name) VALUES (20,'section_20', 'RENDERING');
INSERT INTO section(id, code, name) VALUES (21,'section_21', 'SAFETY');
INSERT INTO section(id, code, name) VALUES (22,'section_22', 'SALAMI');
INSERT INTO section(id, code, name) VALUES (23,'section_23', 'SALES');
INSERT INTO section(id, code, name) VALUES (24,'section_24', 'TRANSPORT & LOGISTICS');
INSERT INTO section(id, code, name) VALUES (25,'section_25', 'VALUE ADDED');
INSERT INTO section(id, code, name) VALUES (26,'section_26', 'WAREHOUSE & DISTRIBUTION');

INSERT INTO shift(id, code, name) VALUES (1,'shift_1', 'Day Shift');
INSERT INTO shift(id, code, name) VALUES (2,'shift_2', 'Afternoon Shift');
INSERT INTO shift(id, code, name) VALUES (3,'shift_3', 'Night Shift');

INSERT INTO position(id, code, name) VALUES (1,'position_1', 'Packing Loin Lvl7');
INSERT INTO position(id, code, name) VALUES (2,'position_2', 'Analyst Programmer (Net)');
INSERT INTO position(id, code, name) VALUES (3,'position_3', 'Packing Legs Lvl7');
INSERT INTO position(id, code, name) VALUES (4,'position_4', 'Trades Assistant Maint');
INSERT INTO position(id, code, name) VALUES (5,'position_5', 'Training Officer HR');
INSERT INTO position(id, code, name) VALUES (6,'position_6', 'Training Lvl7');
INSERT INTO position(id, code, name) VALUES (7,'position_7', 'Cryoval Operator Lvl7');
INSERT INTO position(id, code, name) VALUES (8,'position_8', 'Engineering Supervisor Bacon Packaging');
INSERT INTO position(id, code, name) VALUES (9,'position_9', 'Rejects Lvl7');
INSERT INTO position(id, code, name) VALUES (10,'position_10', 'Engineering Supervisor Salami/Slice Pack');

INSERT INTO site(id, code, name) VALUES (50001,'site-1', 'Beef City');

/*INSERT INTO employee(id, employee_number, first_name, last_name, full_name, position_id, department_id, section_id, shift_id, site_id) VALUES (1,'230945','Derrick','Stewart','Derrick Stewart',1,1,1,1,50001);
INSERT INTO employee(id, employee_number, first_name, last_name, full_name, position_id, department_id, section_id, shift_id, site_id) VALUES (2,'610700','Alison','Bennett','Alison Bennett',2,2,2,2,50001);
INSERT INTO employee(id, employee_number, first_name, last_name, full_name, position_id, department_id, section_id, shift_id, site_id) VALUES (3,'61368','Janice','Ferguson','Janice Ferguson',3,3,3,3,50001);
INSERT INTO employee(id, employee_number, first_name, last_name, full_name, position_id, department_id, section_id, shift_id, site_id) VALUES (4,'231605','Sammy','Day','Sammy Day',4,4,4,1,50001);
INSERT INTO employee(id, employee_number, first_name, last_name, full_name, position_id, department_id, section_id, shift_id, site_id) VALUES (5,'300110','Clifton','Ball','Clifton Ball',5,5,5,2,50001);
INSERT INTO employee(id, employee_number, first_name, last_name, full_name, position_id, department_id, section_id, shift_id, site_id) VALUES (6,'230687','Brian','Huff','Brian Huff',6,6,6,3,50001);
INSERT INTO employee(id, employee_number, first_name, last_name, full_name, position_id, department_id, section_id, shift_id, site_id) VALUES (7,'1001575','Josh','Newman','Josh Newman',7,7,7,1,50001);
INSERT INTO employee(id, employee_number, first_name, last_name, full_name, position_id, department_id, section_id, shift_id, site_id) VALUES (8,'212812','Bradford','Montgomery','Bradford Montgomery',8,8,8,2,50001);
INSERT INTO employee(id, employee_number, first_name, last_name, full_name, position_id, department_id, section_id, shift_id, site_id) VALUES (9,'300444','Rosa','Baldwin','Rosa Baldwin',9,9,9,3,50001);
INSERT INTO employee(id, employee_number, first_name, last_name, full_name, position_id, department_id, section_id, shift_id, site_id) VALUES (10,'230935','Kurt','Grave','Kurt Grave',10,10,10,1,50001);

INSERT INTO employee_event(id, employee_id, event_name, event_type) VALUES (1,1,'FW',1);
INSERT INTO employee_event(id, employee_id, event_name, event_type) VALUES (2,2,'AM',1);
INSERT INTO employee_event(id, employee_id, event_name, event_type) VALUES (3,3,'WR',1);
INSERT INTO employee_event(id, employee_id, event_name, event_type) VALUES (4,4,'SA',1);
INSERT INTO employee_event(id, employee_id, event_name, event_type) VALUES (5,5,'AM',1);
INSERT INTO employee_event(id, employee_id, event_name, event_type) VALUES (6,6,'FW',1);
INSERT INTO employee_event(id, employee_id, event_name, event_type) VALUES (7,7,'SA',1);
INSERT INTO employee_event(id, employee_id, event_name, event_type) VALUES (8,8,'WR',1);
INSERT INTO employee_event(id, employee_id, event_name, event_type) VALUES (9,9,'SR',1);
INSERT INTO employee_event(id, employee_id, event_name, event_type) VALUES (10,10,'FW',1);

INSERT INTO employee_event(id, employee_id, event_name, event_type) VALUES (11,1,'AC',2);
INSERT INTO employee_event(id, employee_id, event_name, event_type) VALUES (12,2,'AB',2);
INSERT INTO employee_event(id, employee_id, event_name, event_type) VALUES (13,3,'AB',2);
INSERT INTO employee_event(id, employee_id, event_name, event_type) VALUES (14,4,'AA',2);
INSERT INTO employee_event(id, employee_id, event_name, event_type) VALUES (15,5,'UA',2);
INSERT INTO employee_event(id, employee_id, event_name, event_type) VALUES (16,6,'AC',2);
INSERT INTO employee_event(id, employee_id, event_name, event_type) VALUES (17,7,'AB',2);
INSERT INTO employee_event(id, employee_id, event_name, event_type) VALUES (18,8,'UA',2);
INSERT INTO employee_event(id, employee_id, event_name, event_type) VALUES (19,9,'AB',2);
INSERT INTO employee_event(id, employee_id, event_name, event_type) VALUES (20,10,'AA',2);*/
